REGISTRATION,OPERATOR,TYPE,POPULAR NAME,OPERATION TYPE,EGOW FLIGHT TYPE,CAA FLIGHT TYPE,JET/PROP,CAA OPR,CAA OPR PFX,CAA LESSOR PREFIX,CAA FLIGHT,FIXED C/S,SEATS,WARNINGS,NOTES
2-SALE,MORSON GROUP,DA62,,,VC,P,,,,,,2SALE,,,
C-FARA,SUMMIT AIR,SC7,SKYVAN,,VC,L,,,SUT,,,,,,
C-GKOA,SUMMIT AIR,SC7,SKYVAN,,VC,L,,,SUT,,,,,,
D-ECXA,BRUTON,XA42,SBACH 342,,VC,P,,,,,,DECXA,,,
FZ692,RAF BBMF,DC3,DAKOTA,,VM,M,,,,,,FZ692,,,
G-AHLT,MARTIN WARING,DH82,TIGERMOTH,,VC,P,,,,,,GAHLT,,,
G-ARAW,SKY BANNER LTD,C182,SKYLANE,,VC,P,,,,,,GARAW,,,
G-ARNJ,RICHARD KEECH,PA22,COLT,,VC,P,,,,,,GARNJ,,,
G-ASSW,JULIET TANGO GROUP,P28A,CHEROKEE,,VC,P,,,,,,GASSW,,,
G-AVMD,LAC FLYING SCHOOL,C150,,,VC,P,,,,,,GAVMD,,,
G-AWPU,WESTAIR FLYING SERVICES,C150,,,VC,P,,,,,,GAWPU,,,
G-AXNZ,DAVID HARVEY,PTS1,PITTS SPECIAL,,VC,P,,,,,,GAXNZ,,,
G-AYEF,CHRISTOPHER HARRIS,P28A,CHEROKEE,,VC,P,,,,,,GAYEF,,,
G-AZBN,GREG CAWLEY,T6,HARVARD,,VM,P,,,,,,HARVARD,,,
G-AZYF,JOHN WILLS,P28A,CHEROKEE,,VC,P,,,,,,GAZYF,,,
G-BAPJ,TERRANCE WHITE,C150,AEROBAT,,BC,P,,,,,,GBAPJ,,,
G-BAXZ,G-BAXZ (87) SYNDICATE,P28A,CHEROKEE,,VC,P,,,,,,GBAXZ,,,
G-BCGO,HIGH G PROPS LTD,PA44,SEMINOLE,,VM,P,,,,,,GBGCO,,,
G-BCKN,MARTIN COWBURN,DHC1,CHIPMUNK,,VM,P,,,,,,GBCKN,,,
G-BCUJ,CALLUM DODDS,C150,,,VC,P,,,,,,GBCUJ,,,
G-BCVJ,ROTHLAND LTD,C172,SKYHAWK,,BC,P,,,,,,GBCVJ,,,
G-BELT,AIR NAVIGATION AND TRADING COMPANY LTD,C150,,,VC,P,,,,,,GBELT,,,
G-BFNI,AIR TRAINING CLUB AVIATION,P28A,CHEROKEE,,VC,P,,,,,,GBFNI,,,
G-BGPJ,WEST LANCS WARRIOR CO. LTD,P28A,CHEROKEE,,BC,P,,,,,,GBGPJ,,,
G-BHZV,G-BHZV GROUP,D11,JODEL,,VM,P,,,,,,GBHZV,,,
G-BJED,DRAKEN EUROPE,BN2T,ISLANDER,,VM,M,,,,,,GBJED,,,
G-BJOT,CARK FLYING GROUP,D11,JODEL,,VC,P,,,,,,GBJOT,,,
G-BJWW,PETER WESTOBY,C172,SKYHAWK,,VC,P,,,,,,GBJWW,,,
G-BJYT,DRAKEN EUROPE,BN2T,ISLANDER,,VM,M,,,,,,GBJYT,,,
G-BLNT,DRAKEN EUROPE,BN2T,ISLANDER,,VM,M,,,,,,GBLNT,,,
G-BLNU,DRAKEN EUROPE,BN2T,ISLANDER,,VM,M,,,,,,GBLNU,,,
G-BMAO,BENJAMIN GILMORE,ZZZZ,TAYLOR MONOPLANE,,VC,P,,,,,,GBMAO,,,
G-BMGC,FLY NAVY HERITAGE TRUST,SWOR,SWORDFISH,,VM,M,,,,,,SWDFSH,,,
G-BNFI,PVT,C150,,,VC,P,,,,,,GBNFI,,,
G-BNOJ,BAE (WARTON) FLYING CLUB,P28A,CHEROKEE,,VC,P,,,,,,GBNOJ,,,
G-BNOP,BAE (WARTON) FLYING CLUB,P28A,CHEROKEE,,VC,P,,,,,,GBNOP,,,
G-BNSR,ERIC WHITEHEAD,RF6,FIREFLY,,VC,P,,,,,,GBNSR,,,
G-BOIY,FLY LLANBEDR,C172,SKYHAWK,,VC,P,,,,,,GBOIY,,,
G-BOLE,MERSEYFLIGHT LTD,PA38,TOMAHAWK,,VC,P,,,,,,GBOLE,,,
G-BONO,PAUL BULLEN,C172,SKYHAWK,,VC,P,,,,,,GBONO,,,
G-BONW,MCCLEAN,C152,,,VC,P,,,,,,GBONW,,,
G-BORL,WESTAIR FLYING SERVICES,P28A,CHEROKEE WARRIOR II,,VC,P,,,,,,GBORL,,,
G-BOYV,PAUL LODGE,P28S,TURBO ARROW,,VC,P,,,,,,GBOYV,,,
G-BPBJ,BRINKLEY AVIATION LTD,C152,,,VC,P,,,,,,GBPBJ,,,
G-BPGZ,JOHN SCOTT,C150,,,VC,P,,,,,,GBPGZ,,,
G-BPRJ,PDG HELICOPTERS,AS55,TWIN SQUIRREL,,VCH,P,,,,,,PDG61,,,
G-BPVA,SOUTH LANCASHIRE FLYERS,C172,SKYHAWK,,VC,P,,,,,,GBPVA,,,
G-BPYR,2 EXCEL AVIATION LTD,PA31,NAVAJO,,VC,P,,,BRO,,,BRO,,,
G-BRBW,AIR NAVIGATION AND TRADING COMPANY LTD,P28A,CHEROKEE,,VC,P,,,,,,GBRBW,,,
G-BRPC,DRAKEN EUROPE,BN2T,ISLANDER,,VM,M,,,,,,GBRPC,,,
G-BSKW,AIR NAVIGATION AND TRADING COMPANY LTD,P28A,CHEROKEE,,VC,P,,,,,,GBSKW,,,
G-BSWR,POLICE SERVICE OF NORTHERN IRELAND,BN2T,ISLANDER,,VC,L,,,UKP,,,SCOUT1,,,
G-BTAM,ASHLEY GARDNER,P28A,CHEROKEE,,VC,P,,,,,,GBTAM,,,
G-BTFO,FLYFAR LTD,P28A,CHEROKEE,,BC,P,,,,,,GBTFO,,,
G-BUOS,PROPSHOP LTD,SPIT,SPITFIRE,,VC,P,,,,,,GBUOS,,,
G-BVUN,MATTHEW PETTIT,RV4,,,VC,P,,,,,,GBVUN,,,
G-BWHI,EDWARD CLARE,DHC1,CHIPMUNK,,VM,P,,,,,,GBWHI,,,
G-BXIA,CHRISTOPHER LIGHTFOOT,DHC1,CHIPMUNK,,VC,P,,,,,,GBXIA,,,
G-BYUB,BABCOCK AEROSPACE LTD,G115,TUTOR,,BM,M,,,,,,,,,
G-BYUC,BABCOCK AEROSPACE LTD,G115,TUTOR,,BM,M,,,,,,,,,
G-BYUD,BABCOCK AEROSPACE LTD,G115,TUTOR,,BM,M,,,,,,,,,
G-BYUE,BABCOCK AEROSPACE LTD,G115,TUTOR,,BM,M,,,,,,,,,
G-BYUF,BABCOCK AEROSPACE LTD,G115,TUTOR,,BM,M,,,,,,,,,
G-BYUH,BABCOCK AEROSPACE LTD,G115,TUTOR,,BM,M,,,,,,,,,
G-BYUI,BABCOCK AEROSPACE LTD,G115,TUTOR,,BM,M,,,UAM,,,,,,
G-BYUJ,BABCOCK AEROSPACE LTD,G115,TUTOR,,BM,M,,,,,,,,,
G-BYUK,BABCOCK AEROSPACE LTD,G115,TUTOR,,BM,M,,,UAM,,,,,,
G-BYUL,BABCOCK AEROSPACE LTD,G115,TUTOR,,BM,M,,,UAM,,,,,,
G-BYUM,BABCOCK AEROSPACE LTD,G115,TUTOR,,BM,M,,,,,,,,,
G-BYUN,BABCOCK AEROSPACE LTD,G115,TUTOR,,BM,M,,,,,,,,,
G-BYUO,BABCOCK AEROSPACE LTD,G115,TUTOR,,BM,M,,,,,,,,,
G-BYUR,BABCOCK AEROSPACE LTD,G115,TUTOR,,BM,M,,,,,,,,,
G-BYUS,BABCOCK AEROSPACE LTD,G115,TUTOR,,BM,M,,,,,,,,,
G-BYUU,BABCOCK AEROSPACE LTD,G115,TUTOR,,BM,M,,,,,,,,,
G-BYUV,BABCOCK AEROSPACE LTD,G115,TUTOR,,BM,M,,,,,,,,,
G-BYUW,BABCOCK AEROSPACE LTD,G115,TUTOR,,BM,M,,,,,,,,,
G-BYUX,BABCOCK AEROSPACE LTD,G115,TUTOR,,BM,M,,,,,,,,,
G-BYUY,BABCOCK AEROSPACE LTD,G115,TUTOR,,BM,M,,,,,,,,,
G-BYUZ,BABCOCK AEROSPACE LTD,G115,TUTOR,,BM,M,,,,,,,,,
G-BYVA,BABCOCK AEROSPACE LTD,G115,TUTOR,,BM,M,,,,,,,,,
G-BYVB,BABCOCK AEROSPACE LTD,G115,TUTOR,,BM,M,,,,,,,,,
G-BYVC,BABCOCK AEROSPACE LTD,G115,TUTOR,,BM,M,,,,,,,,,
G-BYVD,BABCOCK AEROSPACE LTD,G115,TUTOR,,BM,M,,,,,,,,,
G-BYVE,BABCOCK AEROSPACE LTD,G115,TUTOR,,BM,M,,,,,,,,,
G-BYVF,BABCOCK AEROSPACE LTD,G115,TUTOR,,BM,M,,,,,,,,,
G-BYVG,BABCOCK AEROSPACE LTD,G115,TUTOR,,BM,M,,,WIT,,,,,,
G-BYVH,BABCOCK AEROSPACE LTD,G115,TUTOR,,BM,M,,,,,,,,,
G-BYVI,BABCOCK AEROSPACE LTD,G115,TUTOR,,BM,M,,,UAM,,,,,,
G-BYVK,BABCOCK AEROSPACE LTD,G115,TUTOR,,BM,M,,,,,,,,,
G-BYVL,BABCOCK AEROSPACE LTD,G115,TUTOR,,BM,M,,,UAY,,,,,,
G-BYVM,BABCOCK AEROSPACE LTD,G115,TUTOR,,BM,M,,,UAT,,,,,,
G-BYVO,BABCOCK AEROSPACE LTD,G115,TUTOR,,BM,M,,,UAM,,,,,,
G-BYVP,BABCOCK AEROSPACE LTD,G115,TUTOR,,BM,M,,,UAM,,,,,,
G-BYVR,BABCOCK AEROSPACE LTD,G115,TUTOR,,BM,M,,,UAJ,,,,,,
G-BYVU,BABCOCK AEROSPACE LTD,G115,TUTOR,,BM,M,,,,,,,,,
G-BYVW,BABCOCK AEROSPACE LTD,G115,TUTOR,,BM,M,,,,,,,,,
G-BYVY,BABCOCK AEROSPACE LTD,G115,TUTOR,,BM,M,,,,,,,,,
G-BYVZ,BABCOCK AEROSPACE LTD,G115,TUTOR,,BM,M,,,,,,,,,
G-BYWA,BABCOCK AEROSPACE LTD,G115,TUTOR,,BM,M,,,,,,,,,
G-BYWB,BABCOCK AEROSPACE LTD,G115,TUTOR,,BM,M,,,,,,,,,
G-BYWD,BABCOCK AEROSPACE LTD,G115,TUTOR,,BM,M,,,,,,,,,
G-BYWF,BABCOCK AEROSPACE LTD,G115,TUTOR,,BM,M,,,,,,,,,
G-BYWG,BABCOCK AEROSPACE LTD,G115,TUTOR,,BM,M,,,,,,,,,
G-BYWH,BABCOCK AEROSPACE LTD,G115,TUTOR,,BM,M,,,,,,,,,
G-BYWI,BABCOCK AEROSPACE LTD,G115,TUTOR,,BM,M,,,,,,,,,
G-BYWK,BABCOCK AEROSPACE LTD,G115,TUTOR,,BM,M,,,,,,,,,
G-BYWL,BABCOCK AEROSPACE LTD,G115,TUTOR,,BM,M,,,,,,,,,
G-BYWM,BABCOCK AEROSPACE LTD,G115,TUTOR,,BM,M,,,,,,,,,
G-BYWN,BABCOCK AEROSPACE LTD,G115,TUTOR,,BM,M,,,,,,,,,
G-BYWO,BABCOCK AEROSPACE LTD,G115,TUTOR,,BM,M,,,,,,,,,
G-BYWR,BABCOCK AEROSPACE LTD,G115,TUTOR,,BM,M,,,,,,,,,
G-BYWS,BABCOCK AEROSPACE LTD,G115,TUTOR,,BM,M,,,,,,,,,
G-BYWU,BABCOCK AEROSPACE LTD,G115,TUTOR,,BM,M,,,,,,,,,
G-BYWV,BABCOCK AEROSPACE LTD,G115,TUTOR,,BM,M,,,,,,,,,
G-BYWW,BABCOCK AEROSPACE LTD,G115,TUTOR,,BM,M,,,,,,,,,
G-BYWX,BABCOCK AEROSPACE LTD,G115,TUTOR,,BM,M,,,,,,,,,
G-BYWY,BABCOCK AEROSPACE LTD,G115,TUTOR,,BM,M,,,,,,,,,
G-BYWZ,BABCOCK AEROSPACE LTD,G115,TUTOR,,BM,M,,,,,,,,,
G-BYXA,BABCOCK AEROSPACE LTD,G115,TUTOR,,BM,M,,,,,,,,,
G-BYXC,BABCOCK AEROSPACE LTD,G115,TUTOR,,BM,M,,,,,,,,,
G-BYXD,BABCOCK AEROSPACE LTD,G115,TUTOR,,BM,M,,,,,,,,,
G-BYXE,BABCOCK AEROSPACE LTD,G115,TUTOR,,BM,M,,,,,,,,,
G-BYXF,BABCOCK AEROSPACE LTD,G115,TUTOR,,BM,M,,,,,,,,,
G-BYXG,BABCOCK AEROSPACE LTD,G115,TUTOR,,BM,M,,,,,,,,,
G-BYXH,BABCOCK AEROSPACE LTD,G115,TUTOR,,BM,M,,,,,,,,,
G-BYXI,BABCOCK AEROSPACE LTD,G115,TUTOR,,BM,M,,,,,,,,,
G-BYXJ,BABCOCK AEROSPACE LTD,G115,TUTOR,,BM,M,,,,,,,,,
G-BYXK,BABCOCK AEROSPACE LTD,G115,TUTOR,,BM,M,,,,,,,,,
G-BYXL,BABCOCK AEROSPACE LTD,G115,TUTOR,,BM,M,,,,,,,,,
G-BYXM,BABCOCK AEROSPACE LTD,G115,TUTOR,,BM,M,,,,,,,,,
G-BYXO,BABCOCK AEROSPACE LTD,G115,TUTOR,,BM,M,,,UAM,,,,,,
G-BYXP,BABCOCK AEROSPACE LTD,G115,TUTOR,,BM,M,,,,,,,,,
G-BYXS,BABCOCK AEROSPACE LTD,G115,TUTOR,,BM,M,,,,,,,,,
G-BYXT,BABCOCK AEROSPACE LTD,G115,TUTOR,,BM,M,,,,,,,,,
G-BYXX,BABCOCK AEROSPACE LTD,G115,TUTOR,,BM,M,,,,,,,,,
G-BYXZ,BABCOCK AEROSPACE LTD,G115,TUTOR,,BM,M,,,CWL,,,,,,
G-BYYA,BABCOCK AEROSPACE LTD,G115,TUTOR,,BM,M,,,,,,,,,
G-BYYB,BABCOCK AEROSPACE LTD,G115,TUTOR,,BM,M,,,UAM,,,,,,
G-BYZA,PDG HELICOPTERS,AS55,TWIN SQUIRREL,,VCH,L,,,PDG,,,PDG67,,,
G-CBJW,ERIC FOSTER,C42,IKARUS,,VC,P,,,,,,GCBJW,,,
G-CBUI,FLY NAVY HERITAGE TRUST,WASP,WASP,,VCH,P,,,,,,NAVYWINGS WASP,,,
G-CBXC,MARK EARDLEY,C42,IKARUS,,VC,P,,,,,,GCBXC,,,
G-CCDX,STEVEN MIDDLETON,EV97,EUROSTAR,,VC,P,,,,,,GCCDX,,,
G-CCVM,MICHAEL MOTHERSHAW,RV7,,,BC,P,,,,,,GCCVM,,,
G-CCYG,HENRY WILD,R44,RAVEN 2,,VCH,P,,,,,,GCCYG,,,
G-CDGA,TERENCE EGLINTON,ZZZZ,TAYLOR MONOPLANE,,VC,P,,,,,,GCDGA,,,
G-CDOA,MAINAIR MICROLIGHT SCHOOL,EV97,EUROSTAR,,VC,P,,,,,,GCDOA,,,
G-CDZG,MAINAIR MICROLIGHT SCHOOL,C42,IKARUS,,VC,P,,,,,,GCDZG,,,
G-CEFM,WESTAIR FLYING SERVICES,C152,,,VC,P,,,,,,GCEFM,,,
G-CFTJ,CEDRIC FLOOD,EV97,EUROSTAR,,BC,P,,,,,,GCFTJ,,,
G-CFWJ,DAVID WHITELEY,ULAC,QUIK,,VC,P,,,,,,GCFWJ,,,FLEXWING MICROLIGHT
G-CGFG,LAC FLYING SCHOOLO,C152,,,VCH,P,,,,,,GCGFG,,,
G-CGKD,BABCOCK AEROSPACE LTD,G115,TUTOR,,BM,M,,,,,,,,,
G-CGKE,BABCOCK AEROSPACE LTD,G115,TUTOR,,BM,M,,,,,,,,,
G-CGKG,BABCOCK AEROSPACE LTD,G115,TUTOR,,BM,M,,,,,,,,,
G-CGKH,BABCOCK AEROSPACE LTD,G115,TUTOR,,BM,M,,,,,,,,,
G-CGKK,BABCOCK AEROSPACE LTD,G115,TUTOR,,BM,M,,,,,,,,,
G-CGKL,BABCOCK AEROSPACE LTD,G115,TUTOR,,BM,M,,,,,,,,,
G-CGKN,BABCOCK AEROSPACE LTD,G115,TUTOR,,BM,M,,,,,,,,,
G-CGKP,BABCOCK AEROSPACE LTD,G115,TUTOR,,BM,M,,,,,,,,,
G-CGKR,BABCOCK AEROSPACE LTD,G115,TUTOR,,BM,M,,,,,,,,,
G-CGKS,BABCOCK AEROSPACE LTD,G115,TUTOR,,BM,M,,,,,,,,,
G-CGKU,BABCOCK AEROSPACE LTD,G115,TUTOR,,BM,M,,,,,,,,,
G-CGKW,BABCOCK AEROSPACE LTD,G115,TUTOR,,BM,M,,,,,,,,,
G-CGSO,LIGHT VENDING LTD,ULAC,QUIK,,VCH,P,,,,,,GCGSO,,,
G-CGTC,POLICE SERVICE OF NORTHERN IRELAND,BN2T,TURBO ISLANDER,,VC,L,,,UKP,,,SCOUT2,,,
G-CGVT,MAINAIR MICROLIGHT SCHOOL,EV97,EUROSTAR,,VC,P,,,,,,GCGVT,,,
G-CGYW,BRISTOW HELICOPTERS LTD,S92,CYCLONE,,VCH,L,,,BHL,,,,,,
G-CHFD,APOLLO AIR SERVICES,A109,,,VCH,AD,,,EDY,,,EDY06,,,
G-CIBM,GERALD WILLIAMS,RV8,,,VC,P,,,,,,RAVEN4,,,
G-CICH,BRISTOW HELICOPTERS LTD,S92,CYCLONE,,VCH,L,,,BHL,,,,,,
G-CIFE,2 EXCEL AVIATION LTD,BE20,KING AIR 200,,VC,AD,,,BRO,,,,,,
G-CIGZ,BRISTOW HELICOPTERS LTD,S92,CYCLONE,,VCH,L,,,BHL,,,,,,
G-CIJW,BRISTOW HELICOPTERS GROUP LTD,A139,,,VCH,L,,,BHL,,,,,,
G-CIJX,BRISTOW HELICOPTERS GROUP LTD,A139,,,VCH,L,,,BHL,,,,,,
G-CIKO,BRISTOW HELICOPTERS LTD,A139,,,VCH,L,,,BHL,,,,,,
G-CILN,BABCOCK MISSION CRITICAL SERVICES,A139,,,VCH,L,,,,,,GCILN,,,
G-CIMU,BRISTOW HELICOPTERS LTD,A139,,,VCH,L,,,BHL,,,,,,
G-CIOS,SPECIALIST AVIATION SERVICES,EXPL,EXPLORER,,VCH,L,,,PLC,,,,,,
G-CIPW,BRISTOW HELICOPTERS LTD,A139,,,VCH,L,,,BHL,,,,,,
G-CIRM,ROBERT STALKER,RV12,,,VC,P,,,,,,GCIRM,,,
G-CIRW,AIR NAVIGATION AND TRADING COMPANY LTD,C150,,,VC,P,,,,,,GCIRW,,,
G-CIRZ,MAINAIR MICROLIGHT SCHOOL,C42,IKARUS,,VC,P,,,,,,GCIRZ,,,
G-CIWF,BABCOCK MISSION CRITICAL SERVICES,EC25,,,VCH,L,,,RHD,,,,,,
G-CJDA,MAINAIR MICROLIGHT SCHOOL,C42,IKARUS,,VC,P,,,,,,GCJDA,,,
G-CJLL,BRISTOW HELICOPTERS LTD,A139,,,VCH,L,,,BHL,,,,,,
G-CKBY,BABCOCK MISSION CRITICAL SERVICES,AS65,DAUPHIN,,VCH,L,,,,,,GCKBY,,,
G-CKIH,ATLAS HELICOPTERS LTD,A109,,,VCH,AD,,,TDT,,,TDT04,,,
G-CKPS,COTSWOLD HELICOPTERS,AS50,SQUIRREL,,VCH,L,,,HHH,,,,,,
G-CKSR,CHRISTOPHER MAHER,ST75,STEARMAN,,BC,P,,,,,,GCKSR,,,
G-CKXL,BRISTOW HELICOPTERS LTD,S92,CYCLONE,,VCH,L,,,BHL,,,,,,
G-CKXM,JAMES WALKER,EFOX,EUROFOX,,VC,P,,,,,,GCKXM,,,
G-CKYP,BRISTOW HELICOPTERS LTD,A139,,,VCH,L,,,BHL,,,,,,
G-CLBT,CHRISTOPHER THOMPSON,NG5,BRISTELL,,BC,P,,,,,,GCLBT,,,EMERGENCY BALLISTIC DEVICE
G-CLCN,BRISTOW HELICOPTERS LTD,S92,CYCLONE,,VCH,L,,,BHL,,,,,,
G-CLGF,BRISTOW HELICOPTERS LTD,S92,CYCLONE,,VCH,L,,,BHL,,,,,,
G-CLGH,BRISTOW HELICOPTERS LTD,S92,CYCLONE,,VCH,L,,,BHL,,,,,,
G-CLIW,WINGGLIDER LTD,C208,GRAND CARAVAN,,VC,AD,,,,,,GCLIW,,,SKYDIVING
G-CMBS,SPECIALIST AVIATION SERVICES,EXPL,EXPLORER,,VCH,L,,,UKP,,,,,,
G-CMFA,ANDREW HILL,RV8,,,VC,P,,,,,,RAVEN6,,,
G-CMRA,GB HELICOPTERS,AS55,TWIN SQUIRREL,,VCH,L,,,KNM,,,,,,
G-CMSU,CASTLE AIR LTD,A109,,,VCH,AD,,,,,,GCMSU,,,
G-CMTB,GEMSTONE AVIATION,DA50,,,VC,P,,,,,,GCMTB,,,
G-CNCN,112 GROUP LTD,AC11,COMMANDER,,VC,P,,,,,,GCNCN,,,
G-CNWL,SPECIALIST AVIATION SERVICES,EXPL,EXPLORER,,VCH,L,,,PLC,,,,,,
G-CORS,ROLLS ROYCE,T6,HARVARD,,VC,P,,,,,,MERLIN51,,,
G-CPAO,NATIONAL POLICE AIR SERVICE,EC35,,,VCH,L,,,UKP,,,UKP,,,
G-CPAS,NATIONAL POLICE AIR SERVICE,EC35,,,VCH,L,,,UKP,,,UKP,,,
G-CPLH,HELICENTRE AVIATION,G2CA,,,VCH,P,,,,,,GCPLH,,,
G-CPSH,NATIONAL POLICE AIR SERVICE,EC35,,,VCH,L,,,UKP,,,UKP,,,
G-CPX,BRISTOW HELICOPTERS LTD,A139,,,VCH,L,,,BHL,,,,,,
G-CRDL,CRADEL AVIATION,R44,RAVEN 2,,VCH,P,,,,,,GCRDL,,,
G-CRWL,CORNWALL AIR AMBULANCE,A169,,,VCH,L,,,HLE,,,HLE01,,,
G-CTAB,NORTH WEST AEROBATICS,CH7B,CITABRIA,,VCH,P,,,,,,GCTAB,,,
G-CTED,JOHN NICHOLSON,RV7,,,VC,P,,,,,,GCTED,,,
G-CVXN,DIRECT FLIGHT LTD,F406,EXPLORER,,VCH,AD,,,DCT,,,,,,
G-CWCD,IAS MEDICAL LTD,BE20,KING AIR 200,,VC,AD,,,MDI,,,,,,
G-CYPM,PAUL YEOMAN,SR22,,,VC,P,,,,,,GCYPM,,EMERGENCY BALLISTIC DEVICE,
G-DAAN,DEVON AIR AMBULANCE TRADING COMPANY LTD,EC35,,,VCH,L,,,HLE,,,HLE70,,,
G-DATR,COTSWOLD HELICOPTERS,B06,JETRANGER,,VCH,L,,,HHH,,,,,,
G-DAWG,HIGH G BULLDOG,BDOG,BULLDOG,,VM,P,,,,,,GDAWG,,,
G-DAYD,APOLLO AIR SERVICES,A109,,,VCH,AD,,,EDY,,,EDY03,,,
G-DAYF,APOLLO AIR SERVICES,A109,,,VCH,AD,,,EDY,,,EDY04,,,
G-DCAM,GB HELICOPTERS,AS55,TWIN SQUIRREL,,VCH,L,,,KNM,,,,,,
G-DCPB,NATIONAL POLICE AIR SERVICE,EC45,,,VCH,L,,,UKP,,,UKP,,,
G-DGRE,HELICENTRE AVIATION,G2CA,,,VCH,P,,,,,,GDGRE,,,
G-DGUN,CASTLE AIR LTD,A109,,,VCH,AD,,,CST,,,,,,
G-DJSM,MEOBLE ESTATE,AS50,SQUIRREL,,VCH,P,,,,,,GDJSM,,,
G-DKNA,DRAKEN EUROPE,L159,HONEY BADGER,,VM,M,,,FRA,,,FRA,,EMERGENCY BALLISTIC DEVICE,
G-DKNB,DRAKEN EUROPE,L159,HONEY BADGER,,VM,M,,,FRA,,,FRA,,EMERGENCY BALLISTIC DEVICE,
G-DKNC,DRAKEN EUROPE,L159,HONEY BADGER,,VM,M,,,FRA,,,FRA,,EMERGENCY BALLISTIC DEVICE,
G-DKND,DRAKEN EUROPE,L159,HONEY BADGER,,VM,M,,,FRA,,,FRA,,EMERGENCY BALLISTIC DEVICE,
G-DKNE,DRAKEN EUROPE,L159,HONEY BADGER,,VM,M,,,FRA,,,FRA,,EMERGENCY BALLISTIC DEVICE,
G-DKNF,DRAKEN EUROPE,L159,HONEY BADGER,,VM,M,,,FRA,,,FRA,,EMERGENCY BALLISTIC DEVICE,
G-DKNG,DRAKEN EUROPE,L159,HONEY BADGER,,VM,M,,,FRA,,,FRA,,EMERGENCY BALLISTIC DEVICE,
G-DKNH,DRAKEN EUROPE,L159,HONEY BADGER,,VM,M,,,FRA,,,FRA,,EMERGENCY BALLISTIC DEVICE,
G-DKNI,DRAKEN EUROPE,L159,HONEY BADGER,,VM,M,,,FRA,,,FRA,,EMERGENCY BALLISTIC DEVICE,
G-DKNJ,DRAKEN EUROPE,L159,HONEY BADGER,,VM,M,,,FRA,,,FRA,,EMERGENCY BALLISTIC DEVICE,
G-DONE,VIVIO DEVELOPMENTS,B505,JET RANGER X,,VCH,P,,,,,,GDONE,,,
G-DORS,BABCOCK MISSION CRITICAL SERVICES,EC35,,,VCH,L,,,RHD,,,,,,
G-DRAK,FR AVIATION,CL60,CHALLENGER 604,,VM,AD,,,FRA,,,FRA,,,
G-DSAA,DORSET AND SOMERSET AIR AMBULANCE,A169,,,VCH,L,,,HLE,,,HLE10,,,
G-DTFF,RIDGWAY AVIATION,C82S,,,VC,P,,,,,,GDTFF,,,
G-DVAA,DEVON AIR AMBULANCE TRADING COMPANY LTD,EC35,,,VCH,L,,,HLE,,,HLE71,,,
G-DVIP,CASTLE AIR LTD,A109,,,VCH,AD,,,CST,,,,,,
G-DVOR,FLIGHT CALIBRATION SERVICES LTD,DA62,,,VC,L,,,VOR,,,,,,
G-EBLV,BAE SYSTEMS (OPERATIONS) LTD,DH60,MOTH,,VC,P,,,,,,GEBLV,,,
G-EFCM,2 EXCEL AVIATION LTD,P28A,CHEROKEE,,VC,AD,,,BRO,,,,,,
G-EGBS,DAVID JOHNSTONE,RV9,,,VC,P,,,,,,GEGBS,,,
G-EGCD,AVRO FLYING GROUP,C172,SKYHAWK,,VC,P,,,,,,GEGCD,,,
G-EGLT,RVL AVIATION LTD,C310,,,VC,AD,,,REV,,,,,,
G-EGRV,BARRY GWYNNETT,RV8,,,VC,P,,,,,,RAVEN3,,,
G-EHAA,SPECIALIST AVIATION SERVICES,EXPL,EXPLORER,,VCH,L,,,PLC,,,,,,
G-EHAT,GAMA AVIATION,A169,,,VCH,L,,,GMA,,,GEHAT,,,
G-EHMS,LONDON'S AIR AMBULANCE LTD,EXPL,EXPLORER,,VCH,L,,,HLE,,,HLE27,,,
G-EMAA,SCOTLAND'S CHARITY AIR AMBULANCE,EC35,,,VCH,L,,,RHD,,,,,,
G-EMEA,CHC SCOTIA LTD,EC75,,,VCH,L,,,HKS,,,,,,
G-EMEB,CHC SCOTIA LTD,EC75,,,VCH,L,,,HKS,,,,,,
G-EMEC,CHC SCOTIA LTD,EC75,,,VCH,L,,,HKS,,,,,,
G-EMED,CHC SCOTIA LTD,EC75,,,VCH,L,,,HKS,,,,,,
G-EMEK,CHC SCOTIA LTD,EC75,,,VCH,L,,,HKS,,,,,,
G-EMID,NATIONAL POLICE AIR SERVICE,EC35,,,VCH,L,,,UKP,,,UKP,,,
G-EMSS,BABCOCK MISSION CRITICAL SERVICES,EC45,,,VCH,L,,,HLE,,,,,,
G-ERBA,CHC SCOTIA LTD,A189,,,VCH,L,,,HKS,,,,,,
G-ERFS,NORTH WALES FLIGHT ACADEMY,P28A,CHEROKEE,,VC,L,,,,,,GERFS,,,
G-EROE,ERIC VERDON-ROE,A504,AVRO 504,,VC,P,,,,,,GREAT WAR,,,
G-FCSL,FLIGHT CALIBRATION SERVICES LTD,PA31,NAVAJO,,VC,L,,,VOR,,,,,,
G-FDHS,APOLLO AIR SERVICES,A109,,,VCH,AD,,,EDY,,,EDY07,,,
G-FICH,HELICENTRE AVIATION,G2CA,,,VCH,P,,,,,,GFICH,,,
G-FIFA,RVL AVIATION LTD,C404,TITAN,,VC,AD,,,REV,,,REV4FA,,,
G-FIND,RVL AVIATION LTD,F406,CARAVAN 2,,VC,AD,,,REV,,,REV6ND,,,
G-FKNH,MICHAEL MOTHERSHAW,PA15,VAGABOND,,BC,P,,,,,,GFKNH,,,
G-FRSB,DRAKEN EUROPE,FA20,FALCON 20,,VM,M,,,FRA,,,FRA,,,
G-FRYA,HELICENTRE AVIATION,R44,RAVEN 2,,VCH,P,,,,,,GFRYA,,,
G-FSAR,BRITISH INTERNATIONAL HELICOPTER SERVICES LTD,A189,,,VCH,L,,,VRT,,,,,,
G-FSEU,2 EXCEL AVIATION LTD,BE20,KING AIR 200,,VC,AD,,,BRO,,,,,,
G-FUXM,PAUL FOWLER,SPIT,SPITFIRE,,VC,P,,,,,,GFUXM,,,
G-GALI,CASTLE AIR LTD,A109,,,VCH,AD,,,CST,,,,,,
G-GAME,PHILIP WADSLEY,C303,CRUSADER,,VC,P,,,,,,GGAME,,,
G-GBAS,FLIGHT CALIBRATION SERVICES LTD,DA62,,,VC,L,,,VOR,,,,,,
G-GBMM,CASTLE AIR LTD,A109,,,VCH,AD,,,CST,,,CST09,,,
G-GBTV,GB HELICOPTERS,AS55,TWIN SQUIRREL,,VCH,L,,,KNM,,,,,,
G-GFIB,WESTAIR FLYING SERVICES LTD,C152,,,VC,P,,,,,,GGFIB,,,
G-GFRA,RAVENAIR AIRCRAFT LTD,P28U,TURBO ARROW,,VC,P,,,,,,GGFRA,,,
G-GHER,A2B CHARTERS,AS55,SQUIRREL,,VCH,AD,,,KNM,,,KNM,,,
G-GLAA,PDG HELICOPTERS,EC35,,,VCH,L,,,PDG,,,,,,
G-GLAB,PDG HELICOPTERS,EC35,,,VCH,L,,,PDG,,,,,,
G-GMPX,SPECIALIST AVIATION SERVICES,EXPL,EXPLORER,,VCH,L,,,UKP,,,,,,
G-GNSS,FLIGHT CALIBRATION SERVICES LTD,DA62,,,VC,L,,,VOR,,,,,,
G-GOES,HELICENTRE AVIATION,R44,RAVEN 2,,VCH,P,,,,,,GGOES,,,
G-GORV,G-GORV GROUP,RV8,,,BC,P,,,,,,GGORV,,,
G-GRND,CASTLE AIR LTD,A109,,,VCH,AD,,,CST,,,,,,
G-GURU,G-GURU LTD,P28A,CHEROKEE WARRIOR II,,VC,P,,,,,,GGURU,,,
G-GWAC,GREAT WESTERN AIR AMBULANCE,EC35,,,VCH,L,,,HLE,,,HLE56,,,
G-GYAV,SOUTHPORT AND MERSEYSIDE AEROCLUB,C172,SKYHAWK,,VC,P,,,,,,GGYAV,,,
G-HAAT,SPECIALIST AVIATION SERVICES,EXPL,EXPLORER,,VCH,L,,,PLC,,,,,,
G-HANY,COTSWOLD HELICOPTERS,B06,JETRANGER,,VCH,AD,,,HHH,,,,,,
G-HAWC,L39-AVIATION,HAWK,HAWK,,VC,P,,,,,,GHAWC,,,
G-HCEN,HELICENTRE AVIATION,G2CA,,,VCH,P,,,,,,GHCEN,,,
G-HCTV,GB HELICOPTERS,EC55,,,VCH,AD,,,KNM,,,,,,
G-HDTV,CASTLE AIR LTD,A109,,,VCH,AD,,,CST,,,,,,
G-HEBO,DIRECT FLIGHT LTD,BN2P,ISLANDER,,VC,AD,,,DCT,,,,,,
G-HEBS,DIRECT FLIGHT LTD,BN2P,ISLANDER,,VC,AD,,,DCT,,,,,,
G-HEDL,HIGHFIELD AVIATION,E200,EXTRA 200,,VC,P,,,,,,GHEDL,,,
G-HEMC,EAST ANGLIAN AIR AMBULANCE,EC45,,,VCH,L,,,HLE,,,HLE88,,,
G-HEMN,BABCOCK MISSION CRITICAL SERVICES,EC35,,,VCH,L,,,HLE,,,,,,
G-HEMZ,NORTHERN IRELAND AIR AMBULANCE,A109,,,VCH,L,,,HLE,,,HLE23,,,
G-HEOI,NATIONAL POLICE AIR SERVICE,EC35,,,VCH,L,,,UKP,,,UKP,,,
G-HFLW,CAPITAL AIR SERVICES LTD,EC45,,,VCH,P,,,,,,GHFLW,,,
G-HHEM,ESSEX & HERTS AIR AMBULANCE TRUST,A169,,,VCH,L,,,HLE,,,HLE55,,,
G-HIGA,HIGH-G FLIGHT TRAINING,C172,SKYHAWK,,VC,P,,,,,,GHIGA,,,
G-HIOW,HAMPSHIRE AND ISLE OF WIGHT AIR AMBULANCE,EC35,,,VCH,L,,,HLE,,,HLE56,,,
G-HITD,AIRBUS HELICOPTERS UKS,AS50,SQUIRREL,,VCH,AD,,,,,,GHITD,,,
G-HJDP,DEREK PIERCE,B505,JET RANGER X,,VCH,P,,,,,,GHJDP,,,
G-HLCM,APOLLO AIR SERVICES,A109,,,VCH,AD,,,EDY,,,EDY02,,,
G-HMDX,SPECIALIST AVIATION SERVICES LTD,EXPL,EXPLORER,,VCH,L,,,PLC,,,,,,
G-HOLM,CAPITAL AIR SERVICES LTD,EC35,,,VCH,AD,,,WTK,,,,,,
G-HOTB,MULTIFLIGHT LTD,EC55,,,VCH,AD,,,MFT,,,,,,
G-HPDM,CASTLE AIR LTD,A109,,,VCH,AD,,,CST,,,,,,
G-HPIN,GB HELICOPTERS,B429,GLOBALRANGER,,VCH,L,,,KNM,,,,,,
G-HRDB,HELICOPTER SERVICES,A109,,,VCH,AD,,,TOA,,,,,,
G-HUBB,RAVENAIR,P68,OBSERVER,,VC,L,,,RVR,,,RVN7BB,,,
G-HURI,HISTORIC AIRCRAFT COLLECTION LTD,HURI,HURRICANE,,VC,P,,,,,,HURRICANE,,,
G-HWAA,MIDLANDS AIR AMBULANCE,EC35,,,VCH,L,,,HLE,,,HLE09,,,
G-IACA,BRISTOW HELICOPTERS LTD,S92,CYCLONE,,VCH,L,,,BHL,,,,,,
G-IACB,BRISTOW HELICOPTERS LTD,S92,CYCLONE,,VCH,L,,,BHL,,,,,,
G-IACC,BRISTOW HELICOPTERS LTD,S92,CYCLONE,,VCH,L,,,BHL,,,,,,
G-IACD,BRISTOW HELICOPTERS LTD,S92,CYCLONE,,VCH,L,,,BHL,,,,,,
G-IACE,BRISTOW HELICOPTERS LTD,S92,CYCLONE,,VCH,L,,,BHL,,,,,,
G-IACF,BRISTOW HELICOPTERS LTD,S92,CYCLONE,,VCH,L,,,BHL,,,,,,
G-IASA,IAS MEDICAL LTD,BE20,KING AIR 200,,VC,AD,,,MDI,,,MDI01,,,
G-IASB,IAS MEDICAL LTD,BE20,KING AIR 200,,VC,AD,,,MDI,,,MDI09,,,
G-IASM,2 EXCEL AVIATION LTD,BE20,KING AIR 200,,VC,AD,,,BRO,,,,,,
G-IDRS,FIRMBEAM LTD,RV8,,,VM,P,,,,,,GIDRS,,,
G-IIJM,JOHN MCCARTHY,EXNG,EXTRA NG,,VC,P,,,,,,G-IIJM,,,
G-IIRP,MICHAEL PICKIN,CP23,CAP 232,,VC,P,,,,,,GIIRP,,,
G-IIYI,VICTOR NORMAN,ST75,STEARMAN,,VC,P,,,,,,WINGWALK,,,
G-IMEA,2 EXCEL AVIATION LTD,BE20,KING AIR 200,,VC,AD,,,BRO,,,,,,
G-INTV,ARENA AVIATION LTD (GB 2144),AS55,TWIN SQUIRREL,,VCH,AD,,,REN,,,,,,
G-IOOZ,CASTLE AIR LTD,A109,,,VCH,AD,,,CST,,,,,,
G-IVIP,CASTLE AIR LTD,A109,,,VCH,AD,,,CST,,,,,,
G-IWFC,GB HELICOPTERS,A109,,,VCH,L,,,KNM,,,,,,
G-IWPI,GB HELICOPTERS,A109,,,VCH,L,,,KNM,,,,,,
G-JBCB,CASTLE AIR LTD,A109,,,VCH,AD,,,CST,,,,,,
G-JERK,FIGHTER AVIATION ENGINEERING,P51,MUSTANG,,VC,P,,,,,,GJERK,,,
G-JMBS,CASTLE AIR LTD,A109,,,VCH,AD,,,CST,,,,,,
G-JPIT,RICHARD GOODWIN,PTS2,,,VC,P,,,,,,GJPIT,,,
G-JRER,3GRCOMM LTD,P06T,,,VC,P,,,,,,GJRER,,,
G-JUDE,BRAVO INDIA FLYING GROUP,DR40,REGENT,,BC,P,,,,,,GJUDE,,,
G-KAAT,SPECIALIST AVIATION SERVICES,EXPL,EXPLORER,,VCH,L,,,PLC,,,,,,
G-KSSA,AIR AMBULANCE KENT SURREY SUSSEX,EXPL,EXPLORER,,VCH,L,,,HLE,,,,,,
G-KSSC,AIR AMBULANCE KENT SURREY SUSSEX,A169,,,VCH,L,,,HLE,,,HLE21,,,
G-KSSH,SPECIALIST AVIATION SERVICES,EXPL,EXPLORER,,VCH,L,,,PLC,,,,,,
G-KSST,AIR AMBULANCE KENT SURREY SUSSEX,A169,,,VCH,L,,,HLE,,,HLE60,,,
G-KUBE,HELICOPTER SERVICES,R44,RAVEN 2,,VCH,AD,,,TOA,,,,,,
G-KVIP,CAPITAL AIR AMBULANCE,BE20,KING AIR 200,,VC,AD,,,EGL,,,,,,
G-LAIR,EDWARD HOWARD,GLAS,GLASAIR,,VC,P,,,,,,GLAIR,,,
G-LARR,SKYHOOK HELICOPTERS,AS50,SQUIRREL,,VCH,AD,,,,,,GLARR,,,
G-LASS,TERRANCE WHITE,VEZE,VARIEZE,,BC,P,,,,,,GLASS,,,
G-LASU,NATIONAL POLICE AIR SERVICE,EC35,,,VCH,L,,,UKP,,,UKP,,,
G-LAWA,CASTLE AIR LTD,A139,,,VCH,AD,,,CST,,,GLAWA,,,
G-LBRR,SKYHOOK HELICOPTERS,AS50,SQUIRREL,,VCH,AD,,,,,,GLBRR,,,
G-LEAF,RVL AVIATION LTD,F406,CARAVAN 2,,VC,AD,,,REV,,,REV6AF,,,
G-LENZ,RENNETA,SR20,,,VC,P,,,,,,GLENZ,,EMERGENCY BALLISTIC DEVICE,
G-LFSA,LIVERPOOL FLYING SCHOOL,PA38,TOMAHAWK,,VC,P,,,,,,GLFSA,,,
G-LFSH,LIVERPOOL FLYING SCHOOL,PA38,TOMAHAWK,,VC,P,,,,,,GLFSH,,,
G-LFSL,LIVERPOOL FLYING SCHOOL,PA38,TOMAHAWK,,VC,P,,,,,,GLFSL,,,
G-LFSM,LIVERPOOL FLYING SCHOOL,PA38,TOMAHAWK,,VC,P,,,,,,GLFSM,,,
G-LFSN,LIVERPOOL FLYING SCHOOL,PA38,TOMAHAWK,,VC,P,,,,,,GLFSN,,,
G-LFSO,PVT,PA38,TOMAHAWK,,VC,P,,,,,,GLFSO,,,
G-LFST,LIVERPOOL FLYING SCHOOL,P28A,CHEROKEE,,VC,P,,,,,,GLFST,,,
G-LFSU,LIVERPOOL FLYING SCHOOL,PA38,TOMAHAWK,,VC,P,,,,,,GLFSU,,,
G-LINE,GB HELICOPTERS,AS55,TWIN SQUIRREL,,VCH,L,,,KNM,,,GLINE,,,
G-LINJ,HELICENTRE AVIATION,R44,RAVEN 2,,VCH,P,,,,,,GLINJ,,,
G-LINY,HELICENTRE AVIATION,R44,RAVEN 2,,VCH,P,,,,,,GLINY,,,
G-LINZ,HELICENTRE AVIATION,R44,RAVEN 2,,VCH,P,,,,,,GLINZ,,,
G-LITO,CASTLE AIR LTD,A109,,,VCH,AD,,,CST,,,GLITO,,,
G-LNAC,SPECIALIST AVIATION SERVICES LTD,A169,,,VCH,L,,,PLC,,,GLNAC,,,
G-LNCC,LINCOLNSHIRE & NOTTINGHAMSHIRE AIR AMBULANCE,A169,,,VCH,L,,,HLE,,,HLE29,,,
G-LNDN,LONDON'S AIR AMBULANCE LTD,EXPL,EXPLORER,,VCH,L,,,HLE,,,HLE28,,,
G-LONE,NORTHUMBRIA HELICOPTERS,B06,LONGRANGER,,VCH,AD,,,NHL,,,NHL03,,,
G-LRMJ,AVIATEQ AVIATION,SR22,,,VC,P,,,,,,GLRMJ,,EMERGENCY BALLISTIC DEVICE,
G-LUFC,VNE AVIATION TRAINING,B407,,,VCH,AD,,,,,,GLUFC,,,
G-LUSO,RAVENAIR,PC12,,,VC,AD,,,RVR,,,GLUSO,,,
G-LUXE,DIRECT FLIGHT LTD,B463,AVRO RJ,,VC,AD,,,DCT,,CHARTER,GLUXE,,,
G-LZZI,CAPITAL AIR SERVICES LTD,EC35,,,VCH,AD,,,WDK,,,WDK,,,
G-MAFA,DIRECT FLIGHT LTD,F406,CARAVAN 2,,VC,AD,,,DCT,,,GMAFA,,,
G-MAFB,DIRECT FLIGHT LTD,F406,CARAVAN 2,,VC,AD,,,DCT,,,GMAFB,,,
G-MAKN,RAVENAIR AIRCRAFT LTD,PC12,,,VC,AD,,,RVR,,,GMAKN,,,
G-MAOL,SLOANE HELICOPTERS LTD,A109,,,VCH,AD,,,SLN,,,GMAOL,,,
G-MCAN,CASTLE AIR LTD,A109,,,VCH,AD,,,CST,,,GMCAN,,,
G-MCGB,BRISTOW HELICOPTERS LTD,S92,CYCLONE,,VCH,L,,,BHL,,,GMCGB,,,
G-MCGC,BRISTOW HELICOPTERS LTD,S92,CYCLONE,,VCH,L,,,BHL,,,GMCGC,,,
G-MCGD,BRISTOW HELICOPTERS LTD,S92,CYCLONE,,VCH,L,,,BHL,,,GMCGD,,,
G-MCGE,BRISTOW HELICOPTERS LTD,S92,CYCLONE,,VCH,L,,,BHL,,,GMCGE,,,
G-MCGF,BRISTOW HELICOPTERS LTD,S92,CYCLONE,,VCH,L,,,BHL,,,GMCGF,,,
G-MCGG,BRISTOW HELICOPTERS LTD,S92,CYCLONE,,VCH,L,,,BHL,,,GMCGG,,,
G-MCGH,BRISTOW HELICOPTERS LTD,S92,CYCLONE,,VCH,L,,,BHL,,,GMCGH,,,
G-MCGI,BRISTOW HELICOPTERS LTD,S92,CYCLONE,,VCH,L,,,BHL,,,GMCGI,,,
G-MCGJ,BRISTOW HELICOPTERS LTD,S92,CYCLONE,,VCH,L,,,BHL,,,GMCGJ,,,
G-MCGK,BRISTOW HELICOPTERS LTD,S92,CYCLONE,,VCH,L,,,SRG,,,SRG936,,,
G-MCGL,BRISTOW HELICOPTERS LTD,S92,CYCLONE,,VCH,L,,,SRG,,,GMCGL,,,
G-MCGM,BRISTOW HELICOPTERS LTD,A189,,,VCH,L,,,BHL,,,GMCGM,,,
G-MCGN,BRISTOW HELICOPTERS LTD,A189,,,VCH,L,,,BHL,,,GMCGN,,,
G-MCGO,BRISTOW HELICOPTERS LTD,A189,,,VCH,L,,,BHL,,,GMCGO,,,
G-MCGP,BRISTOW HELICOPTERS LTD,A189,,,VCH,L,,,BHL,,,GMCGP,,,
G-MCGR,BRISTOW HELICOPTERS LTD,A189,,,VCH,L,,,BHL,,,GMCGR,,,
G-MCGS,BRISTOW HELICOPTERS LTD,A189,,,VCH,L,,,BHL,,,GMCGS,,,
G-MCGT,BRISTOW HELICOPTERS LTD,A189,,,VCH,L,,,SRG,,,SRG948,,,
G-MCGU,BRISTOW HELICOPTERS LTD,A189,,,VCH,L,,,BHL,,,GMCGU,,,
G-MCGV,BRISTOW HELICOPTERS LTD,A189,,,VCH,L,,,BHL,,,GMCGV,,,
G-MCGW,BABCOCK MISSION CRITICAL SERVICES,A189,,,VCH,L,,,SRG,,,SRG18,,,
G-MCGX,BRISTOW HELICOPTERS LTD,A189,,,VCH,L,,,BHL,,,GMCGX,,,
G-MCGY,BRISTOW HELICOPTERS LTD,S92,CYCLONE,,VCH,L,,,BHL,,,GMCGY,,,
G-MCGZ,BRISTOW HELICOPTERS LTD,S92,CYCLONE,,VCH,L,,,BHL,,,GMCGZ,,,
G-MCSA,BABCOCK MISSION CRITICAL SERVICES,S92,CYCLONE,,VCH,L,,,BND,,,GMCSA,,,
G-MCSB,BABCOCK MISSION CRITICAL SERVICES,S92,CYCLONE,,VCH,L,,,BND,,,GMCSB,,,
G-MCSC,BABCOCK MISSION CRITICAL SERVICES,A139,,,VCH,L,,,,,,GMCSC,,,
G-MCSD,BABCOCK MISSION CRITICAL SERVICES,A139,,,VCH,L,,,,,,GMCSD,,,
G-MCSE,BABCOCK MISSION CRITICAL SERVICES,EC75,,,VCH,L,,,RHD,,,GMCSE,,,
G-MCSF,BABCOCK MISSION CRITICAL SERVICES,EC75,,,VCH,L,,,RHD,,,GMCSF,,,
G-MCSG,BABCOCK MISSION CRITICAL SERVICES,EC75,,,VCH,L,,,RHD,,,GMCSG,,,
G-MCSH,BABCOCK MISSION CRITICAL SERVICES,EC75,,,VCH,L,,,RHD,,,GMCSH,,,
G-MCSI,BABCOCK MISSION CRITICAL SERVICES,S92,CYCLONE,,VCH,L,,,BND,,,GMCSI,,,
G-MCSJ,BABCOCK MISSION CRITICAL SERVICES,S92,CYCLONE,,VCH,L,,,BND,,,GMCSJ,,,
G-MCSK,BABCOCK MISSION CRITICAL SERVICES,S92,CYCLONE,,VCH,L,,,BND,,,GMCSK,,,
G-MCSL,BABCOCK MISSION CRITICAL SERVICES,S92,CYCLONE,,VCH,L,,,BND,,,GMCSL,,,
G-MCSM,BABCOCK MISSION CRITICAL SERVICES OFFSHORE LTD,EC75,,,VCH,L,,,BND,,,GMCSM,,,
G-MDPI,CASTLE AIR LTD,A109,,,VCH,AD,,,CST,,,GMDPI,,,
G-MGPS,MAGPAS AIR AMBULANCE,A169,,,VCH,L,,,HLE,,,HLE66,,,
G-MIND,RVL AVIATION LTD,C404,TITAN,,VC,L,,,REV,,,GMIND,,,
G-MKVB,HISTORIC AIRCRAFT COLLECTION LTD,SPIT,SPITFIRE,,VC,P,,,,,,GMKVB,,,
G-MOAL,CASTLE AIR LTD,A109,,,VCH,AD,,,CST,,,GMOAL,,,
G-MPAA,SHROPSHIRE AERO CLUB,P28A,CHEROKEE,,VC,P,,,,,,GMPAA,,,
G-MPSA,NATIONAL POLICE AIR SERVICE,EC45,,,VCH,L,,,UKP,,,UKP,,,
G-MPSB,NATIONAL POLICE AIR SERVICE,EC45,,,VCH,L,,,UKP,,,UKP,,,
G-MPSC,NATIONAL POLICE AIR SERVICE,EC45,,,VCH,L,,,UKP,,,UKP,,,
G-MRLI,BRISTOW HELICOPTERS LTD,S92,CYCLONE,,VCH,L,,,BHL,,,GMRLI,,,
G-NEAU,NATIONAL POLICE AIR SERVICE,EC35,,,VCH,L,,,UKP,,,UKP,,,
G-NELI,MK AERO SUPPORT,P28R,ARROW,,VC,P,,,,,,GNELI,,,
G-NESH,HELICENTRE AVIATION,R44,RAVEN 2,,VCH,P,,,,,,GNESH,,,
G-NETR,PDG HELICOPTERS,AS55,TWIN SQUIRREL,,VCH,L,,,PDG,,,GNETR,,,
G-NGTC,SKYBOARD AEROBATICS,E200,EXTRA,,VC,P,,,,,,GNGTC,,,
G-NHAA,GREAT NORTH AIR AMBULANCE,AS65,DAUPHIN,,VCH,L,,,HLE,,,HLE58,,,
G-NHAB,GREAT NORTH AIR AMBULANCE,AS65,DAUPHIN,,VCH,L,,,HLE,,,HLE63,,,
G-NHAC,GREAT NORTH AIR AMBULANCE,AS65,DAUPHIN,,VCH,L,,,HLE,,,GNHAC,,,
G-NHEM,BABCOCK MISSION CRITICAL SERVICES,EC35,,,VCH,L,,,HLE,,,HLE23,,,
G-NHVE,NHV HELICOPTERS LTD,EC75,,,VCH,L,,,NHX,,,GNHVE,,,
G-NHVF,NHV HELICOPTERS LTD,EC75,,,VCH,L,,,NHX,,,GNHVF,,,
G-NHVI,NHV HELICOPTERS LTD,EC75,,,VCH,L,,,NHX,,,GNHVI,,,
G-NHVN,NHV HELICOPTERS LTD,A139,,,VCH,L,,,NHX,,,GNHVN,,,
G-NHVP,NHV HELICOPTERS LTD,A139,,,VCH,L,,,NHX,,,GNHVP,,,
G-NHVR,NHV HELICOPTERS LTD,EC75,,,VCH,L,,,NHX,,,GNHVR,,,
G-NHVU,NHV HELICOPTERS LTD,EC75,,,VCH,L,,,NHX,,,GNHVU,,,
G-NHVV,NHV HELICOPTERS LTD,EC75,,,VCH,L,,,NHX,,,GNHVV,,,
G-NHVX,NHV HELICOPTERS LTD,A139,,,VCH,L,,,NHX,,,GNHVX,,,
G-NIHM,BABCOCK MISSION CRITICAL SERVICES,EC35,,,VCH,L,,,HLE,,,HLE23,,,
G-NLDR,PDG HELICOPTERS,AS55,TWIN SQUIRREL,,VCH,L,,,PDG,,,GNLDR,,,
G-NLSE,PDG HELICOPTERS,AS55,TWIN SQUIRREL,,VCH,L,,,PDG,,,PDG66,,,
G-NOSE,RVL AVIATION LTD,C402,,,VC,L,,,REV,,,GNOSE,,,
G-NPTV,ARENA AVIATION LTD (GB 2144),AS55,TWIN SQUIRREL,,VCH,AD,,,REN,,,GNPTV,,,
G-NSYS,CAPITAL AIR SERVICES LTD,EC35,,,VCH,AD,,,WTK,,,GNSYS,,,
G-NTWK,PDG HELICOPTERS,AS55,TWIN SQUIRREL,,VCH,L,,,PDG,,,PDG63,,,
G-NWAA,NORTH WEST  AIR AMBULANCE,EC35,,,VCH,L,,,HLE,,,HLE08,,,
G-NWAE,NORTH WEST  AIR AMBULANCE,EC35,,,VCH,L,,,HLE,,,HLE75,,,
G-NWEM,NORTH WEST  AIR AMBULANCE,EC35,,,VCH,L,,,HLE,,,HLE72,,,
G-NWOI,NATIONAL POLICE AIR SERVICE,EC35,,,VCH,L,,,UKP,,,UKP,,,
G-OAGI,AMY BRECKELL,SAH1,,,VC,P,,,,,,GOAGI,,,
G-OALI,ATLAS HELICOPTERS LTD,AS55,TWIN SQUIRREL,,VCH,AD,,,TDT,,,GOALI,,,
G-OASP,HELICOPTER SERVICES,AS55,TWIN SQUIRREL,,VCH,L,,,TOA,,,GOASP,,,
G-OBSR,RAVENAIR,P68,OBSERVER,,VC,L,,,RVR,,,GOBSR,,,
G-OCMM,CASTLE AIR LTD,A109,,,VCH,AD,,,CST,,,GOCMM,,,
G-OCTO,ZULU GLASSTEK,RV8,,,VC,P,,,,,,RAVEN2,,,
G-ODHB,KINGMOOR AVIATION,R44,RAVEN 2,,VCH,P,,,,,,GODHB,,,
G-OENC,BRISTOW HELICOPTERS LTD,A189,,,VCH,L,,,BHL,,,GOENC,,,
G-OFFO,2 EXCEL AVIATION LTD,E300,,,VC,AD,,,BRO,,,GOFFO,,,
G-OFZY,ATLAS HELICOPTERS LTD,AS55,TWIN SQUIRREL,,VCH,AD,,,TDT,,,GOFZY,,,
G-OHAM,COTSWOLD HELICOPTERS,R44,RAVEN 2,,VCH,AD,,,HHH,,,GOHAM,,,
G-OKED,LAC FLYING SCHOOL,C150,,,VC,P,,,,,,GOKED,,,
G-OLCP,GB HELICOPTERS,AS55,TWIN SQUIRREL,,VCH,L,,,KNM,,,GOLCP,,,
G-OMAA,MIDLANDS AIR AMBLUANCE,EC35,,,VCH,L,,,HLE,,,HLE06,,,
G-OMCM,TJ MORRIS LTD,AS50,SQUIRREL,,VCH,P,,,,,,GOMCM,,,
G-OMDR,CASTLE AIR LTD,B06,JETRANGER,,VCH,AD,,,CST,,,GOMDR,,,
G-ONAA,LIBERTY AVIATION,V10,BRONCO,,VC,P,,,,,,BRONCO,,,
G-OONA,HELICOPTER SERVICES,R44,RAVEN 2,,VCH,AD,,,TOA,,,GOONA,,,
G-OOTT,LIBERTAS (UK) LTD,AS50,SQUIRREL,,VCH,P,,,,,,GOOTT,,,
G-OPOT,CASTLE AIR LTD,A109,,,VCH,AD,,,CST,,,GOPOT,,,
G-ORCD,CASTLE AIR LTD,A109,,,VCH,AD,,,CST,,,GORCD,,,
G-ORDH,GB HELICOPTERS,AS55,TWIN SQUIRREL,,VCH,L,,,KNM,,,GORDH,,,
G-ORKY,PDG HELICOPTERS,AS50,SQUIRREL,,VCH,L,,,PDG,,,PDG53,,,
G-ORST,BABCOCK MISSION CRITICAL SERVICES,EC35,,,VCH,L,,,RHD,,,GORST,,,
G-ORVR,RAVENAIR,P68,OBSERVER,,VC,L,,,RVR,,,GORVR,,,
G-OSEM,SLOANE HELICOPTERS LTD,R44,RAVEN 2,,VCH,AD,,,SLN,,,GOSEM,,,
G-OSFL,RVL AVIATION LTD,BE20,KING AIR 200,,VC,AD,,,REV,,,GOSFL,,,
G-OSRA,2 EXCEL AVIATION LTD,R722,SUPER 27,,VC,AD,,,BRO,,CHARTER,GOSRA,,,
G-OSRB,2 EXCEL AVIATION LTD,R722,SUPER 27,,VC,AD,,,BRO,,CHARTER,GOSRB,,,
G-OUCP,2 EXCEL AVIATION LTD,PA31,NAVAJO,,VC,AD,,,BRO,,,GOUCP,,,
G-OWST,WESTAIR FLYING SERVICES,C172,SKYHAWK,,VC,P,,,,,,GOWST,,,
G-PASH,EXCEL CHARTER LTD,AS55,TWIN SQUIRREL,,VCH,AD,,,XEL,,,GPASH,,,
G-PDGF,PDG HELICOPTERS,AS50,SQUIRREL,,VCH,L,,,PDG,,,PDG55,,,
G-PDGI,PDG HELICOPTERS,AS50,SQUIRREL,,VCH,L,,,PDG,,,PDG54,,,
G-PDGK,PDG HELICOPTERS,AS65,DAUPHIN,,VCH,L,,,PDG,,,PDG67,,,
G-PDGN,PDG HELICOPTERS,AS65,DAUPHIN,,VCH,L,,,PDG,,,PDG68,,,
G-PDGO,PDG HELICOPTERS,AS65,DAUPHIN,,VCH,L,,,PDG,,,GPDGO,,,
G-PDGP,PDG HELICOPTERS,AS55,TWIN SQUIRREL,,VCH,L,,,PDG,,,GPDGP,,,
G-PDGR,PDG HELICOPTERS,AS50,SQUIRREL,,VCH,L,,,PDG,,,PDG56,,,
G-PDGT,PDG HELICOPTERS,AS55,TWIN SQUIRREL,,VCH,L,,,PDG,,,PDG64,,,
G-PERD,BABCOCK MISSION CRITICAL SERVICES,A139,,,VCH,L,,,,,,GPERD,,,
G-PICU,CHILDRENS AIR AMBULANCE,A169,,,VCH,L,,,HLE,,,HLE80,,,
G-PLMH,PDG HELICOPTERS,AS50,SQUIRREL,,VCH,L,,,PDG,,,PDG58,,,
G-PLMI,PDG HELICOPTERS,AS65,DAUPHIN,,VCH,L,,,PDG,,,PDG69,,,
G-POET,AIR CAERNARFON,R44,RAVEN 2,,VCH,P,,,,,,GPOET,,,
G-POLA,NATIONAL POLICE AIR SERVICE,EC35,,,VCH,L,,,UKP,,,UKP151,,,
G-POLB,NATIONAL POLICE AIR SERVICE,EC35,,,VCH,L,,,UKP,,,UKP,,,
G-POLC,NATIONAL POLICE AIR SERVICE,EC35,,,VCH,L,,,UKP,,,UKP131,,,
G-POLD,NATIONAL POLICE AIR SERVICE,EC35,,,VCH,L,,,UKP,,,UKP,,,
G-POLF,NATIONAL POLICE AIR SERVICE,EC35,,,VCH,L,,,UKP,,,UKP,,,
G-POLG,NATIONAL POLICE AIR SERVICE,EC35,,,VCH,L,,,UKP,,,UKP,,,
G-POLH,NATIONAL POLICE AIR SERVICE,EC35,,,VCH,L,,,UKP,,,UKP,,,
G-POLJ,NATIONAL POLICE AIR SERVICE,EC35,,,VCH,L,,,UKP,,,UKP,,,
G-POLS,BABCOCK MISSION CRITICAL SERVICES,EC35,,,VCH,L,,,UKP,,,GPOLS,,,
G-POLV,NATIONAL POLICE AIR SERVICE,P68,OBSERVER,,VC,L,,,UKP,,,UKP,,,
G-POLW,NATIONAL POLICE AIR SERVICE,P68,OBSERVER,,VC,L,,,UKP,,,UKP,,,
G-POLX,NATIONAL POLICE AIR SERVICE,P68,OBSERVER,,VC,L,,,UKP,,,UKP,,,
G-POLZ,NATIONAL POLICE AIR SERVICE,P68,OBSERVER,,VC,L,,,UKP,,,UKP,,,
G-POTR,CASTLE AIR LTD,A109,,,VCH,AD,,,CST,,,GPOTR,,,
G-PRDH,COTSWOLD HELICOPTERS,AS55,TWIN SQUIRREL,,VCH,AD,,,HHH,,,GPRDH,,,
G-PSHU,BABCOCK MISSION CRITICAL SERVICES,EC35,,,VCH,L,,,RHD,,,GPSHU,,,
G-PSNI,POLICE SERVICE OF NORTHERN IRELAND,EC35,,,VCH,L,,,UKP,,,UKP441,,,
G-PSNO,POLICE SERVICE OF NORTHERN IRELAND,EC45,,,VCH,L,,,UKP,,,UKP442,,,
G-PSNR,POLICE SERVICE OF NORTHERN IRELAND,EC45,,,VCH,L,,,UKP,,,UKP443,,,
G-RAFK,RVL AVIATION LTD,BE20,KING AIR 200,,VC,AD,,,REV,,,GRAFK,,,
G-RAFL,RVL AVIATION LTD,BE20,KING AIR 200,,VC,AD,,,REV,,,GRAFL,,,
G-RBRI,HELICENTRE AVIATION,R44,RAVEN 2,,VCH,P,,,,,,PIPE81,,,
G-REDF,BABCOCK MISSION CRITICAL SERVICES,AS65,DAUPHIN,,VCH,L,,,,,,GREDF,,,
G-REDJ,BABCOCK MISSION CRITICAL SERVICES,AS65,DAUPHIN,,VCH,L,,,,,,GREDJ,,,
G-REDN,BABCOCK MISSION CRITICAL SERVICES,AS3B,COUGAR,,VCH,L,,,,,,GREDN,,,
G-REDO,BABCOCK MISSION CRITICAL SERVICES,AS3B,COUGAR,,VCH,L,,,,,,GREDO,,,
G-REDP,BABCOCK MISSION CRITICAL SERVICES,AS3B,COUGAR,,VCH,L,,,,,,GREDP,,,
G-REDR,BABCOCK MISSION CRITICAL SERVICES,EC25,,,VCH,L,,,RHD,,,GREDR,,,
G-REDT,BABCOCK MISSION CRITICAL SERVICES,EC25,,,VCH,L,,,RHD,,,GREDT,,,
G-RESA,BRISTOW HELICOPTERS LTD,A139,,,VCH,L,,,,,,GRESA,,,
G-RESU,EAST ANGLIAN AIR AMBULANCE,EC45,,,VCH,L,,,HLE,,,HLE85,,,
G-REXA,RVL AVIATION LTD,BE20,KING AIR 200,,VC,AD,,,REV,,,GREXA,,,
G-REXC,CASTLE AIR LTD,A109,,,VCH,AD,,,CST,,,GREXC,,,
G-RHYM,2 EXCEL AVIATION LTD,PA31,NAVAJO,,VC,AD,,,BRO,,,GRHYM,,,
G-RIDA,NATIONAL GRID ELECTRICITY TRANSMISSION PLC,AS55,TWIN SQUIRREL,,VCH,L,,,GRD,,,GRIDA,,,
G-RIDB,NATIONAL GRID ELECTRICITY TRANSMISSION PLC,B429,GLOBALRANGER,,VCH,L,,,GRD,,,GRIDB,,,
G-RMAA,MIDLANDS AIR AMBULANCE,EC45,,,VCH,L,,,HLE,,,HLE03,,,
G-RMBH,APOLLO AIR SERVICES,A109,,,VCH,AD,,,EDY,,,EDY08,,,
G-RRGN,ROLLS ROYCE,SPIT,SPITFIRE,,VC,P,,,,,,MERLIN29,,,
G-RSAF,NORTH WALES MILITARY AVIATION SERVICES,STRK,STRIKEMASTER,,VC,AD,,,,,,STRIKE,,EMERGENCY BALLISTIC DEVICE,
G-RSCU,NORTHERN IRELAND AIR AMBULANCE,A109,,,VCH,L,,,HLE,,,HLE23,,,
G-RULE,COTSWOLD HELICOPTERS,R44,RAVEN 2,,VCH,AD,,,HHH,,,GRULE,,,
G-RVBI,ROBERT LEA,RV8,,,VC,P,,,,,,GRVBI,,,
G-RVLG,RVL AVIATION LTD,F406,CARAVAN 2,,VC,AD,,,REV,,,REV6LG,,,
G-RVLW,RVL AVIATION LTD,F406,CARAVAN 2,,VC,AD,,,REV,,,REV6LW,,,
G-RVLX,RVL AVIATION LTD,F406,CARAVAN 2,,VC,AD,,,REV,,,REV6LX,,,
G-RVLY,RVL AVIATION LTD,F406,CARAVAN 2,,VC,AD,,,REV,,,REV6LY,,,
G-RVLZ,RVL AVIATION LTD,C310,,,VC,AD,,,REV,,,GRVLZ,,,
G-RVNE,RAVENAIR,P68,OBSERVER,,VC,L,,,RVR,,,RVR7NE,,,
G-RVNG,RAVENAIR,P68,OBSERVER,,VC,L,,,RVN,,,RVR7NG,,,
G-RVNJ,RAVENAIR,P68,OBSERVER,,VC,L,,,RVR,,,RVR7NJ,,,
G-RVNK,RAVENAIR,P68,OBSERVER,,VC,L,,,RVN,,,RVR7NK,,,
G-RVNM,RAVENAIR,P68,OBSERVER,,VC,L,,,RVR,,,RVR7NM,,,
G-RVNO,RAVENAIR,PA34,SENECA,,VC,L,,,RVR,,,GRVNO,,,
G-RVNP,RAVENAIR,P68,OBSERVER,,VC,L,,,RVR,,,RVR7NP,,,
G-RVRB,RAVENAIR,PA34,SENECA,,VC,L,,,RVN,,,GRVRB,,,
G-RVRE,RAVENAIR,P68,OBSERVER,,VC,L,,,RVR,,,RVR7RE,,,
G-RVRJ,RAVENAIR,PA23,APACHE,,VC,L,,,RVR,,,GRVRJ,,,
G-RVRU,RAVENAIR,PA38,TOMAHAWK,,VC,L,,,RVR,,,GRVRU,,,
G-RVRW,RAVENAIR,PA27,AZTEC,,VC,L,,,RVR,,,GRVRW,,,
G-RVRX,RAVENAIR,P68,OBSERVER,,VC,L,,,RVR,,,RVR7RX,,,
G-RVRZ,RAVENAIR,PA27,AZTEC,,VC,L,,,RVR,,,GRVRZ,,,
G-RVTX,MICHAEL TETLOW,RV8,,,VC,P,,,,,,GRVTX,,,
G-RXTV,ARENA AVIATION LTD (GB 2144),A109,,,VCH,AD,,,REN,,,GRXTV,,,
G-RYFF,CASTLE AIR LTD,A109,,,VCH,AD,,,CST,,,GRYFF,,,
G-SASN,BABCOCK MISSION CRITICAL SERVICES,EC45,,,VCH,L,,,HLE,,,GSASN,,,
G-SASR,SPECIALIST AVIATION SERVICES LTD,EXPL,EXPLORER,,VCH,L,,,PLC,,,GSASR,,,
G-SASS,BABCOCK MISSION CRITICAL SERVICES,EC45,,,VCH,L,,,HLE,,,GSASS,,,
G-SASX,SPECIALIST AVIATION SERVICES LTD,A169,,,VCH,L,,,PLC,,,GSASX,,,
G-SCAA,SCOTLAND'S CHARITY AIR AMBULANCE,EC35,,,VCH,L,,,HLE,,,HLE76,,,
G-SCAP,APOLLO AIR SERVICES,A109,,,VCH,AD,,,EDY,,,EDY05,,,
G-SCHZ,SKYHOOK HELICOPTERS,AS55,SQUIRREL,,VCH,AD,,,,,,GSCHZ,,,
G-SCIR,2 EXCEL AVIATION LTD,PA31,NAVAJO,,VC,AD,,,BRO,,,GSCIR,,,
G-SCMR,2 EXCEL AVIATION LTD,PA31,NAVAJO,,VC,AD,,,BRO,,,GSCMR,,,
G-SCTR,2 EXCEL AVIATION LTD,PA31,NAVAJO,,VC,AD,,,BRO,,,GSCTR,,,
G-SENS,CAPITAL AIR SERVICES LTD,EC35,,,VCH,AD,,,WTK,,,WTK25,,,
G-SGRP,APOLLO AIR SERVICES,A109,,,VCH,AD,,,EDY,,,EDY01,,,
G-SHLE,SLOANE HELICOPTERS LTD,A109,,,VCH,AD,,,SLN,,,GSHLE,,,
G-SHLS,SLOANE HELICOPTERS LTD,A109,,,VCH,AD,,,SLN,,,GSHLS,,,
G-SHMB,L39 AVIATION,L39,ALBATROSS,,VM,P,,,,,,ALBATROS,,EMERGENCY BALLISTIC DEVICE,
G-SICA,DIRECT FLIGHT LTD,BN2P,ISLANDER,,VC,AD,,,DCT,,,GSICA,,,
G-SICB,DIRECT FLIGHT LTD,BN2P,ISLANDER,,VC,AD,,,DCT,,,GSICB,,,
G-SIJJ,PETER TEICHMAN,P51,MUSTANG,,VC,P,,,,,,GSIJJ,,,
G-SLAR,EXCEL CHARTER LTD,A109,,,VCH,AD,,,XEL,,,GSLAR,,,
G-SMMA,DIRECT FLIGHT LTD,F406,CARAVAN 2,,VC,AD,,,DCT,,,GSMMA,,,
G-SMMB,DIRECT FLIGHT LTD,F406,CARAVAN 2,,VC,AD,,,DCT,,,GSMMB,,,
G-SMTH,FLIGHT AND MEDIA ENTERPRISES LTD,P28A,CHEROKEE,,VC,P,,,,,,GSMTH,,,
G-SNSA,CHC SCOTIA LTD,A139,,,VCH,L,,,HKS,,,GSNSA,,,
G-SNSE,CHC SCOTIA LTD,A139,,,VCH,L,,,HKS,,,GSNSE,,,
G-SNSI,CHC SCOTIA LTD,A139,,,VCH,L,,,HKS,,,GSNSI,,,
G-SNSK,CHC SCOTIA LTD,A139,,,VCH,L,,,HKS,,,GSNSK,,,
G-SOAF,NORTH WALES MILITARY AVIATION SERVICES,STRK,STRIKEMASTER,,VC,AD,,,,,,STRIKE,,EMERGENCY BALLISTIC DEVICE,
G-SOUT,JULIAN SOUTHERN,RV8,,,VC,P,,,,,,RAVEN5,,,
G-SPEY,CASTLE AIR LTD,B06,JETRANGER,,VCH,AD,,,CST,,,GSPEY,,,
G-SPHU,BABCOCK MISSION CRITICAL SERVICES,EC35,,,VCH,L,,,RHD,,,RHD,,,
G-SPVK,GB HELICOPTERS,AS50,SQUIRREL,,VCH,L,,,KNM,,,GSPVK,,,
G-SUFK,NATIONAL POLICE AIR SERVICE,EC35,,,VCH,L,,,UKP,,,UKP,,,
G-SWEL,MARK CROOK / ANDREW WRIGHT,H500,HUGHES 500,,VCH,P,,,,,,GSWEL,,,
G-TAAS,"DERBYSHIRE, LEICESTERSHIRE AND RUTLAND AIR AMBULANCE",A109,,,VCH,P,,,HLE,,,HLE54,,,
G-TACN,FLIGHT CALIBRATION SERVICES LTD,DA62,,,VC,L,,,VOR,,,GTACN,,,
G-TATS,COTSWOLD HELICOPTERS,AS50,SQUIRREL,,VCH,AD,,,HHH,,,GTATS,,,
G-TCAA,CHILDRENS AIR AMBULANCE,A169,,,VCH,L,,,HLE,,,HLE81,,,
G-TDOG,RICHARD JONES,BDOG,BULLDOG,,VC,P,,,,,,GTDOG,,,
G-TELY,CASTLE AIR LTD,A109,,,VCH,AD,,,CST,,,GTELY,,,
G-TIII,HIGH G FLIGHT TRAINING,PTS2,PITTS SPECIAL,,VM,P,,,,,,GTIII,,,
G-TIJL,HELICOPTER SERVICES,AS55,TWIN SQUIRREL,,VCH,AD,,,TOA,,,GTIJL,,,
G-TOOO,HELICENTRE AVIATION,G2CA,,,VCH,P,,,,,,GTOOO,,,
G-TOYZ,CASTLE AIR LTD,B06,JETRANGER,,VCH,AD,,,CST,,,GTOYZ,,,
G-TREE,COTSWOLD HELICOPTERS,B06,JETRANGER,,VCH,AD,,,HHH,,,GTREE,,,
G-TRNG,CASTLE AIR LTD,A109,,,VCH,AD,,,CST,,,GTRNG,,,
G-TSAC,PETER RIDING,SIRA,SIERRA,,BC,P,,,,,,GTSAC,,,
G-TSBY,HELICOPTER SERVICES,R44,RAVEN 2,,VCH,AD,,,TOA,,,GTSBY,,,
G-TTEA,WILLIAMS,SR20,,,VC,P,,,,,,GTTEA,,EMERGENCY BALLISTIC DEVICE,
G-TVAL,BABCOCK MISSION CRITICAL SERVICES,EC35,,,VCH,L,,,RHD,,,GTVAL,,,
G-TVGB,GB HELICOPTERS,AS50,SQUIRREL,,VCH,L,,,KNM,,,GTVGB,,,
G-TVHB,NATIONAL POLICE AIR SERVICE,EC35,,,VCH,L,,,UKP,,,UKP,,,
G-TVHD,ARENA AVIATION LTD (GB 2144),AS55,TWIN SQUIRREL,,VCH,AD,,,REN,,,GTVHD,,,
G-TWOO,NORTH WEST AEROBATICS,E200,,,VCH,P,,,,,,GTWOO,,,
G-TXTV,ARENA AVIATION LTD (GB 2144),A109,,,VCH,AD,,,REN,,,GTXTV,,,
G-TYER,COLIN WHITE,DR40,PRESIDENT,,VC,P,,,,,,GTYER,,,
G-UANT,AIR NAVIGATION AND TRADING COMPANY LTD,P28A,CHEROKEE,,VC,P,,,,,,GUANT,,,
G-UFLY,WESTAIR FLYING SERVICES LTD,C150,,,VC,P,,,,,,GUFLY,,,
G-UKCS,2 EXCEL AVIATION LTD,PA31,NAVAJO,,VC,AD,,,BRO,,,GUKCS,,,
G-UKTV,ARENA AVIATION LTD (GB 2144),AS55,TWIN SQUIRREL,,VCH,AD,,,REN,,,GUKTV,,,
G-UMMI,2 EXCEL AVIATION LTD,PA31,NAVAJO,,VC,AD,,,BRO,,,GUMMI,,,
G-VFDS,SIMON SHIRLEY,RV8,,,VC,P,,,,,,RAVEN1,,,
G-VGMC,GB HELICOPTERS,AS55,TWIN SQUIRREL,,VCH,L,,,KNM,,,GVGMC,,,
G-VIND,BABCOCK MISSION CRITICAL SERVICES,S92,CYCLONE,,VCH,L,,,BND,,,GVIND,,,
G-VINF,BABCOCK MISSION CRITICAL SERVICES,S92,CYCLONE,,VCH,L,,,BND,,,GVINF,,,
G-VING,BABCOCK MISSION CRITICAL SERVICES,S92,CYCLONE,,VCH,L,,,BND,,,GVING,,,
G-VINK,BABCOCK MISSION CRITICAL SERVICES,S92,CYCLONE,,VCH,L,,,BND,,,GVINK,,,
G-VINL,BABCOCK MISSION CRITICAL SERVICES,S92,CYCLONE,,VCH,L,,,BND,,,GVINL,,,
G-VINM,BABCOCK MISSION CRITICAL SERVICES,S92,CYCLONE,,VCH,L,,,BND,,,GVINM,,,
G-VINP,BABCOCK MISSION CRITICAL SERVICES,S92,CYCLONE,,VCH,L,,,BND,,,GVINP,,,
G-VINT,BABCOCK MISSION CRITICAL SERVICES,S92,CYCLONE,,VCH,L,,,BND,,,GVINT,,,
G-VIPE,CASTLE AIR LTD,A109,,,VCH,AD,,,CST,,,GVIPE,,,
G-VIPG,CASTLE AIR LTD,A139,,,VCH,AD,,,CST,,,GVIPG,,,
G-VIPP,FLIGHT CALIBRATION SERVICES LTD,PA31,NAVAJO,,VC,L,,,VOR,,,GVIPP,,,
G-VIPV,CAPITAL AIR AMBULANCE,PA31,NAVAJO,,VC,AD,,,EGL,,,GVIPV,,,
G-VIPW,FLIGHT CALIBRATION SERVICES LTD,PA31,NAVAJO,,VC,L,,,VOR,,,GVIPW,,,
G-VIPX,CAPITAL AIR CHARTER LTD,PA31,NAVAJO,,VC,AD,,,EGL,,,GVIPX,,,
G-VMCG,PURE AVIATION SUPPORT SERVICES,PA38,TOMAHAWK,,VC,P,,,,,,GVMCG,,,
G-VNAV,FLIGHT CALIBRATION SERVICES LTD,DA62,,,VC,L,,,,,,GVNAV,,,
G-WAPA,DEREK WATSON,R44,RAVEN 2,,VCH,P,,,,,,GWAPA,,EMERGENCY BALLISTIC DEVICE,
G-WASC,BABCOCK MISSION CRITICAL SERVICES,EC35,,,VCH,L,,,RHD,,,GWASC,,,
G-WASS,BABCOCK MISSION CRITICAL SERVICES,EC35,,,VCH,L,,,RHD,,,GWASS,,,
G-WAZE,SLOANE HELICOPTERS LTD,A109,,,VCH,AD,,,SLN,,,SLN,,,
G-WCAO,NATIONAL POLICE AIR SERVICE,EC35,,,VCH,L,,,UKP,,,UKP,,,
G-WCCP,2 EXCEL AVIATION LTD,BE20,KING AIR 200,,VC,AD,,,BRO,,,GWCCP,,,
G-WDKR,GB HELICOPTERS,AS55,TWIN SQUIRREL,,VCH,L,,,KNM,,,GWDKR,,,
G-WENU,BABCOCK MISSION CRITICAL SERVICES,EC45,,,VCH,L,,,RHD,,,GWENU,,,
G-WLTS,SPECIALIST AVIATION SERVICES,B429,GLOBALRANGER,,VCH,L,,,HLE,,,HLE22,,,
G-WNAS,WARWICKSHIRE & NORTHAMPTONSHIRE AIR AMBULANCE,A109,,,VCH,L,,,HLE,,,HLE53,,,
G-WNDD,CK AVIATION SERVICES,PTS1,PITTS SPECIAL,,VC,P,,,,,,GWNDD,,,
G-WNSD,CHC SCOTIA LTD,S92,CYCLONE,,VCH,L,,,HKS,,,GWNSD,,,
G-WNSE,CHC SCOTIA LTD,S92,CYCLONE,,VCH,L,,,HKS,,,GWNSE,,,
G-WNSF,CHC SCOTIA LTD,S92,CYCLONE,,VCH,L,,,HKS,,,GWNSF,,,
G-WNSG,CHC SCOTIA LTD,S92,CYCLONE,,VCH,L,,,HKS,,,GWNSG,,,
G-WNSL,CHC SCOTIA LTD,S92,CYCLONE,,VCH,L,,,HKS,,,GWNSL,,,
G-WNSM,CHC SCOTIA LTD,S92,CYCLONE,,VCH,L,,,HKS,,,GWNSM,,,
G-WNST,CHC SCOTIA LTD,S92,CYCLONE,,VCH,L,,,HKS,,,GWNST,,,
G-WNSU,CHC SCOTIA LTD,S92,CYCLONE,,VCH,L,,,HKS,,,GWNSU,,,
G-WNSV,CHC SCOTIA LTD,S92,CYCLONE,,VCH,L,,,HKS,,,GWNSV,,,
G-WNSW,CHC SCOTIA LTD,S92,CYCLONE,,VCH,L,,,HKS,,,GWNSW,,,
G-WOBR,BABCOCK MISSION CRITICAL SERVICES,EC45,,,VCH,L,,,RHD,,,GWOBR,,,
G-WPAS,SPECIALIST AVIATION SERVICES,EXPL,EXPLORER,,VCH,L,,,UKP,,,GWPAS,,,
G-WROL,BABCOCK MISSION CRITICAL SERVICES,EC45,,,VCH,L,,,RHD,,,GWROL,,,
G-WSTO,GB HELICOPTERS,AS55,SQUIRREL,,VCH,AD,,,KNM,,,KNM,,,
G-WVIP,CAPITAL AIR AMBULANCE,BE20,KING AIR 200,,VC,AD,,,EGL,,,GWVIP,,,
G-XBOX,CASTLE AIR LTD,B06,JETRANGER,,VCH,AD,,,CST,,,GXBOX,,,
G-XVIP,CAPITAL AIR AMBULANCE,BE20,KING AIR 200,,VC,AD,,,EGL,,,GXVIP,,,
G-XXED,ROYAL AIR FORCE,S76,,,VMH,X,,,TQF,,,GXXED,,,
G-YAAC,YORKSHIRE AIR AMBULANCE,EC45,,,VCH,L,,,HLE,,,GYAAC,,,
G-YNWA,VINEN,DA50,,,VC,P,,,,,,GYNWA,,,
G-YOAA,YORKSHIRE AIR AMBULANCE,EC45,,,VCH,L,,,HLE,,,GYOAA,,,
G-YPOL,SPECIALIST AVIATION SERVICES,EXPL,EXPLORER,,VCH,L,,,UKP,,,GYPOL,,,
G-YVIP,CAPITAL AIR AMBULANCE LTD,BE20,KING AIR 200,,VC,AD,,,EGL,,,GYVIP,,,
GZ100,ROYAL AIR FORCE,A109,,,VCH,X,,,TQF,,,,,,
G-ZACK,ATLANTIC TRAVEL,SR20,,,VC,P,,,,,,GZACK,,EMERGENCY BALLISTIC DEVICE,
G-ZEXL,2 EXCEL AVIATION LTD,E300,,,VC,AD,,,BRO,,,GZEXL,,,
G-ZGZG,JEREMY NOBLE,C182,SKYLANE,,VC,P,,,,,,GZGZG,,,
G-ZINC,MARC MEARS,C182,SKYLANE,,VC,P,,,,,,GZINC,,,
G-ZIPE,HELICOPTER SERVICES,A109,,,VCH,AD,,,TOA,,,GZIPE,,,
G-ZVIP,CAPITAL AIR AMBULANCE,BE20,KING AIR 200,,VC,AD,,,EGL,,,GZVIP,,,
G-ZXCL,2 EXCEL AVIATION LTD,E300,,,VC,AD,,,BRO,,,GZXCL,,,
G-ZXEL,2 EXCEL AVIATION LTD,E300,,,VC,AD,,,BRO,,,GZXEL,,,
G-ZXLL,2 EXCEL AVIATION LTD,E300,,,VC,AD,,,BRO,,,GZXLL,,,
LN-DHY,FLYVÅPNETS HISTORISKE SKVADRON,VAMP,VAMPIRE,,VC,P,,,,,,VAMPIRE,,,
LN-DHZ,FLYVÅPNETS HISTORISKE SKVADRON,VAMP,VAMPIRE,,VC,P,,,,,,VAMPIRE,,,
LN-DPS,FLYVÅPNETS HISTORISKE SKVADRON,T33,SILVER STAR,,VC,P,,,,,,SAK,,,
M-CDMS,BAE SYSTEMS (MARINE),BE20,SUPER KING AIR 200,,VC,AD,,,VSB,,,MCDMS,,,
M-DOGA,GUL LTD,EC35,,,VCH,P,,,,,,MDOGA,,,
MK356,ROYAL AIR FORCE,SPIT,SPITFIRE,,VM,M,,,,,,SPIT90,,,
M-LENR,BAE SYSTEMS (MARINE),BE20,SUPER KING AIR 200,,VC,AD,,,VSB,,,MLENR,,,
M-ONTY,TRUSTAIR,S76,,,VCH,P,,,,,,MONTY,,,
N124PD,HIGHFIELD AVIATION,H500,HUGHES 500,,VCH,P,,,,,,N124PD,,,
N208AJ,BLACK KNIGHTS PARACHUTE CENTRE,C208,GRAND CARAVAN,,VC,AD,,,,,,N208AJ,,,
N208AX,BLACK KNIGHTS PARACHUTE CENTRE,C208,GRAND CARAVAN,,VC,AD,,,,,,N208AX,,,
N2PD,HIGHFIELD AVIATION,TBM7,SOCATA,,VC,P,,,,,,N2PD,,,
N344M,DWAYNE AXFORD,MITE,,,VC,P,,,,,,N344M,,,
N3544M,PVT,PA31,NAVAJO,,VC,P,,,,,,N3544M,,,
N459PA,SCHRIEBER,PA34,SENECA,,VC,P,,,,,,N459PA,,,
N53SB,WYNNE,C172,,,VC,P,,,,,,N53SB,,,
N600MW,2WINGS AIRCRAFT,MD50,,,VCH,P,,,,,,N600MW,,,
N616CM,PVT,TBM8,,,VC,P,,,,,,N616CM,,,
N747PL,PVT,SR22,,,VC,P,,,,,,N747PL,,EMERGENCY BALLISTIC DEVICE,
N750AY,SKYDIVE NORTHWEST,P750,PAC 750,,VC,P,,,,,,N750AY,,,
N899JH,N899JH,C182,,,VC,P,,,,,,N899JH,,,
PM631,ROYAL AIR FORCE,SPIT,SPITFIRE,,VM,M,,,,,,PM631,,,
PS915,ROYAL AIR FORCE,SPIT,SPITFIRE,,VM,M,,,,,,PS915,,,
PZ865,ROYAL AIR FORCE,HURI,HURRICANE,,VM,M,,,,,,PZ865,,,
QQ100,EMPIRE TEST PILOT SCHOOL,A109,,,VCH,M,,,ETP,,,,,,
QQ101,EMPIRE TEST PILOT SCHOOL,RJ1H,AVROLINER,,VM,M,,,ETP,,,,,,
QQ103,EMPIRE TEST PILOT SCHOOL,DA42,TWIN STAR,,VM,M,,,ETP,,,,,,
WG486,ROYAL AIR FORCE,DHC1,CHIPMUNK,,VM,M,,,,,,WG486,,,
WK518,ROYAL AIR FORCE,DHC1,CHIPMUNK,,VM,M,,,,,,WK518,,,
XV666,HELIOPERATIONS,S61,SEA KING,,VCH,B1,,,HELIOP,,,HELIOP,,,
XW204,ROYAL AIR FORCE,PUMA,PUMA,,VMH,M,,,SHF,,GOVERNMENT CHARTER,,,,
XW219,ROYAL AIR FORCE,PUMA,PUMA,,VMH,M,,,SHF,,,,,,
XW220,ROYAL AIR FORCE,PUMA,PUMA,,VMH,M,,,SHF,,GOVERNMENT CHARTER,,,,
XX177,ROYAL AIR FORCE,HAWK,HAWK,,VM,M,,,SAK,,,SAK,,,
XX202,ROYAL AIR FORCE,HAWK,HAWK,,VM,M,,,SAK,,,SAK,,,
XX203,ROYAL AIR FORCE,HAWK,HAWK,,VM,M,,,NVY,,,,,,
XX219,ROYAL AIR FORCE,HAWK,HAWK,,VM,M,,,SAK,,,SAK,,,
XX239,ROYAL AIR FORCE,HAWK,HAWK,,VM,M,,,SAK,,,SAK,,,
XX242,ROYAL AIR FORCE,HAWK,HAWK,,VM,M,,,SAK,,,SAK,,,
XX245,ROYAL AIR FORCE,HAWK,HAWK,,VM,M,,,SAK,,,SAK,,,
XX261,ROYAL AIR FORCE,HAWK,HAWK,,VM,M,,,NVY,,,,,,
XX295,ROYAL AIR FORCE,HAWK,HAWK,,VM,M,,,SAK,,,SAK,,,
XX311,ROYAL AIR FORCE,HAWK,HAWK,,VM,M,,,SAK,,,SAK,,,
XX317,ROYAL AIR FORCE,HAWK,HAWK,,VM,M,,,NVY,,,,,,
XX321,ROYAL AIR FORCE,HAWK,HAWK,,VM,M,,,SAK,,,SAK,,,
XX329,ROYAL AIR FORCE,HAWK,HAWK,,VM,M,,,NVY,,,,,,
XX339,ROYAL AIR FORCE,HAWK,HAWK,,VM,M,,,LEE,,,,,,
ZA166,HELIOPERATIONS,S61,SEA KING,,VCH,B1,,,HELIOP,,,HELIOP,,,
ZA682,ROYAL AIR FORCE,H47,CHINOOK,,VMH,M,,,SHF,,,SHF,,,
ZA683,ROYAL AIR FORCE,H47,CHINOOK,,VMH,M,,,SHF,,GOVERNMENT CHARTER,,,,
ZA705, ROYAL AIR FORCE,H47,CHINOOK,,VMH,M,,,SHF,,,,,,
ZA766,ARMY AIR CORPS,GAZL,GAZELLE,,VMH,M,,,AAC,,,,,,
ZA936,ARMY AIR CORPS,PUMA,PUMA,,VMH,M,,,AAC,,,,,,
ZA940,ROYAL AIR FORCE,PUMA,PUMA,,VMH,M,,,SHF,,GOVERNMENT CHARTER,,,,
ZA947,ROYAL AIR FORCE,DC3,DAKOTA,,VM,M,,,,,,ZA947,,,
ZE010,ROYAL AIR FORCE,HAWK,HAWK,,VM,M,,,VYT,,,,,,
ZE700,ROYAL AIR FORCE,B461,STATESMAN,,VM,M,,,RRR,,GOVERNMENT CHARTER,,,,
ZE701,ROYAL AIR FORCE,B461,STATESMAN,,VM,M,,,NOH,,GOVERNMENT CHARTER,,,,
ZF171,ROYAL AIR FORCE,TUCA,TUCANO,,VM,M,,,LOP,,,,,,
ZF239,ROYAL AIR FORCE,TUCA,TUCANO,,VM,M,,,LOP,,,,,,
ZF317,ROYAL AIR FORCE,TUCA,TUCANO,,VM,M,,,LOP,,,,,,
ZF374,ROYAL AIR FORCE,TUCA,TUCANO,,VM,M,,,LOP,,,,,,
ZF407,ROYAL AIR FORCE,TUCA,TUCANO,,VM,M,,,LOP,,,,,,
ZF417,ROYAL AIR FORCE,TUCA,TUCANO,,VM,M,,,LOP,,,,,,
ZG845,ARMY AIR CORPS,BN2T,TURBO DEFENDER,,VM,M,,,AAC,,,,,,
ZH536,ROYAL AIR FORCE,BN2T,TURBO DEFENDER,,VM,M,,,RRR,,,,,,
ZH537,ROYAL AIR FORCE,BN2T,TURBO DEFENDER,,VM,M,,,RRR,,,,,,
ZH865,ROYAL AIR FORCE,C30J,SUPER HERCULES,,VM,M,,,RRR,,GOVERNMENT CHARTER,,,,
ZH868,ROYAL AIR FORCE,C30J,SUPER HERCULES,,VM,M,,,RRR,,GOVERNMENT CHARTER,,,,
ZH870,ROYAL AIR FORCE,C30J,SUPER HERCULES,,VM,M,,,RRR,,GOVERNMENT CHARTER,,,,
ZH875,ROYAL AIR FORCE,C30J,SUPER HERCULES,,VM,M,,,RRR,,GOVERNMENT CHARTER,,,,
ZH888,ROYAL AIR FORCE,C30J,SUPER HERCULES,,VM,M,,,RRR,,GOVERNMENT CHARTER,,,,
ZH889,ROYAL AIR FORCE,C30J,SUPER HERCULES,,VM,M,,,RRR,,GOVERNMENT CHARTER,,,,
ZH891,ROYAL AIR FORCE,H47,CHINOOK,,VMH,M,,,SHF,,GOVERNMENT CHARTER,,,,
ZH894,ROYAL AIR FORCE,H47,CHINOOK,,VMH,M,,,SHF,,GOVERNMENT CHARTER,,,,
ZH902,ROYAL AIR FORCE,H47,CHINOOK,,VMH,M,,,SHF,,GOVERNMENT CHARTER,,,,
ZH904,ROYAL AIR FORCE,H47,CHINOOK,,VMH,M,,,SHF,,GOVERNMENT CHARTER,,,,
ZJ122,ROYAL NAVY,EH10,MERLIN,,VNH,M,,,NVY,,GOVERNMENT CHARTER,,,,
ZJ126,ROYAL NAVY,EH10,MERLIN,,VMH,M,,,NVY,,,NVY,,,
ZJ130,ROYAL NAVY,EH10,MERLIN,,VNH,M,,,NVY,,GOVERNMENT CHARTER,,,,
ZJ131,ROYAL NAVY,EH10,MERLIN,,VNH,M,,,NVY,,GOVERNMENT CHARTER,,,,
ZJ137,ROYAL NAVY,EH10,MERLIN,,VNH,M,,,NVY,,GOVERNMENT CHARTER,,,,
ZJ185,ARMY AIR CORPS,H64,APACHE,,VMH,M,,,AAC,,,,,,
ZJ186,ARMY AIR CORPS,H64,APACHE,,VMH,M,,,AAC,,,,,,
ZJ187,ARMY AIR CORPS,H64,APACHE,,VMH,M,,,AAC,,,,,,
ZJ225,ARMY AIR CORPS,H64,APACHE,,VMH,M,,,AAC,,,,,,
ZJ230,ARMY AIR CORPS,H64,APACHE,,VMH,M,,,AAC,,,,,,
ZJ780,ARMY AIR CORPS,AS65,DAUPHIN,,VMH,M,,,AAC,,,,,,
ZJ787,ARMY AIR CORPS,AS65,DAUPHIN,,VMH,M,,,AAC,,,,,,
ZK012,ROYAL AIR FORCE,HAWK,HAWK,,VM,M,,,VYT,,,,,,
ZK016,ROYAL AIR FORCE,HAWK,HAWK,,VM,M,,,VYT,,,,,,
ZK020,ROYAL AIR FORCE,HAWK,HAWK,,VM,M,,,VYT,,,,,,
ZK031,ROYAL AIR FORCE,HAWK,HAWK,,VM,M,,,VYT,,,,,,
ZK035,ROYAL AIR FORCE,HAWK,HAWK,,VM,M,,,VYT,,,,,,
ZK036,ROYAL AIR FORCE,HAWK,HAWK,,VM,M,,,RFR,,,,,,
ZK352,ROYAL AIR FORCE,EUFI,EUROFIGHTER,,VM,M,,,XXX,,,,,,
ZK558,ROYAL AIR FORCE,H47,CHINOOK,,VMH,M,,,SHF,,,SHF,,,
ZM302,ROYAL AIR FORCE,G12T,PREFECT,,VM,M,,,CWL,,,,,,
ZM303,ROYAL AIR FORCE,G12T,PREFECT,,VM,M,,,CWL,,,,,,
ZM304,ROYAL AIR FORCE,G12T,PREFECT,,VM,M,,,CWL,,,,,,
ZM306,ROYAL AIR FORCE,G12T,PREFECT,,VM,M,,,CWL,,,,,,
ZM308,ROYAL AIR FORCE,G12T,PREFECT,,VM,M,,,CWL,,,,,,
ZM310,ROYAL AIR FORCE,G12T,PREFECT,,VM,M,,,CWL,,,,,,
ZM311,ROYAL AIR FORCE,G12T,PREFECT,,VM,M,,,CWL,,,,,,
ZM314,ROYAL AIR FORCE,G12T,PREFECT,,VM,M,,,BKH,,,,,,
ZM315,ROYAL AIR FORCE,G12T,PREFECT,,VM,M,,,BKH,,,,,,
ZM316,ROYAL AIR FORCE,G120,PREFECT,,VM,M,,,CWL,,,,,,
ZM318,ROYAL AIR FORCE,G12T,PREFECT,,VM,M,,,CWL,,,,,,
ZM319,ROYAL AIR FORCE,G12T,PREFECT,,VM,M,,,CWL,,,,,,
ZM322,ROYAL AIR FORCE,G12T,PREFECT,,VM,M,,,CWL,,,,,,
ZM331,ROYAL AIR FORCE,TEX2,TEXAN 2,,VM,M,,,VYT,,,,,,
ZM332,ROYAL AIR FORCE,TEX2,TEXAN 2,,VM,M,,,VYT,,,,,,
ZM406,ROYAL AIR FORCE,A400,ATLAS,,VM,M,,,RRR,,GOVERNMENT CHARTER,,,,
ZM415,ROYAL AIR FORCE,A400,ATLAS,,VM,M,,,RRR,,GOVERNMENT CHARTER,,,,
ZM416,ROYAL AIR FORCE,A400,ATLAS,,VM,M,,,RRR,,GOVERNMENT CHARTER,,,,
ZM418,ROYAL AIR FORCE,A400,ATLAS,,VM,M,,,RRR,,GOVERNMENT CHARTER,,,,
ZM500,DEFENSE HELICOPTER FLYING SCHOOL,EC45,JUPITER,,VMH,M,,,VLL,,,VLL,,,
ZM501,DEFENSE HELICOPTER FLYING SCHOOL,EC45,,,VMH,M,,,SYS,,,SYS01,,,
ZM502,DEFENSE HELICOPTER FLYING SCHOOL,EC45,,,VMH,M,,,SYS,,,SYS02,,,
ZM504,DEFENSE HELICOPTER FLYING SCHOOL,EC35,,,VMH,M,,,SYS,,,SYS04,,,
ZM505,DEFENSE HELICOPTER FLYING SCHOOL,EC35,,,VMH,M,,,SYS,,,SYS05,,,
ZM507,DEFENSE HELICOPTER FLYING SCHOOL,EC35,,,VMH,M,,,SYS,,,SYS07,,,
ZM508,DEFENSE HELICOPTER FLYING SCHOOL,EC35,,,VMH,M,,,SYS,,,SYS08,,,
ZM509,DEFENSE HELICOPTER FLYING SCHOOL,EC35,,,VMH,M,,,SYS,,,SYS09,,,
ZM510,DEFENSE HELICOPTER FLYING SCHOOL,EC35,,,VMH,M,,,SYS,,,SYS10,,,
ZM512,DEFENSE HELICOPTER FLYING SCHOOL,EC35,,,VMH,M,,,SYS,,,SYS12,,,
ZM514,DEFENSE HELICOPTER FLYING SCHOOL,EC45,,,VMH,M,,,SYS,,,SYS14,,,
ZM515,DEFENSE HELICOPTER FLYING SCHOOL,EC35,,,VMH,M,,,SYS,,,SYS15,,,
ZM516,DEFENSE HELICOPTER FLYING SCHOOL,EC35,,,VMH,M,,,SYS,,,SYS16,,,
ZM518,DEFENSE HELICOPTER FLYING SCHOOL,EC45,,,VMH,M,,,SYS,,,SYS18,,,
ZM519,DEFENSE HELICOPTER FLYING SCHOOL,EC45,,,VMH,M,,,SYS,,,SYS19,,,
ZM520,DEFENSE HELICOPTER FLYING SCHOOL,EC35,,,VMH,M,,,SYS,,,SYS20,,,
ZM522,DEFENSE HELICOPTER FLYING SCHOOL,EC35,,,VMH,M,,,SYS,,,SYS22,,,
ZM523,DEFENSE HELICOPTER FLYING SCHOOL,EC35,,,VMH,M,,,SYS,,,SYS23,,,
ZM524,DEFENSE HELICOPTER FLYING SCHOOL,EC35,,,VMH,M,,,SYS,,,SYS24,,,
ZM525,DEFENSE HELICOPTER FLYING SCHOOL,EC35,,,VMH,M,,,SYS,,,SYS25,,,
ZM526,DEFENSE HELICOPTER FLYING SCHOOL,EC35,,,VMH,M,,,SYS,,,SYS26,,,
ZM527,DEFENCE HELICOPTER FLIGHT SCHOOL,EC35,,,VMH,M,,,SYS,,,SYS27,,,
ZM530,DEFENCE HELICOPTER FLIGHT SCHOOL,EC35,,,VMH,M,,,SYS,,,SYS30,,,
ZM531,DEFENCE HELICOPTER FLIGHT SCHOOL,EC35,,,VMH,M,,,SYS,,,SYS31,,,
ZM532,DEFENCE HELICOPTER FLIGHT SCHOOL,EC35,,,VMH,M,,,SYS,,,SYS32,,,
ZZ103,WESTLAND HELICOPTERS,EH10,MERLIN,,VMH,M,,,WHE,,GOVERNMENT CHARTER,,,,
ZZ376,ROYAL NAVY,LYNX,WILDCAT,,VNH,M,,,NVY,,,NVY,,,
ZZ377,ROYAL NAVY,LYNX,WILDCAT,,VMH,M,,,NVY,,,NVY,,,
ZZ387,ARMY AIR CORPS,LYNX,WILDCAT,,VMH,M,,,AAC,,,AAC,,,
ZZ388,ARMY AIR CORPS,LYNX,WILDCAT,,VMH,M,,,AAC,,,AAC,,,
ZZ405,ARMY AIR CORPS,LYNX,WILDCAT,,VMH,M,,,AAC,,,AAC,,,
ZZ406,ARMY AIR CORPS,LYNX,WILDCAT,,VMH,M,,,AAC,,,AAC,,,
ZZ408,ARMY AIR CORPS,LYNX,WILDCAT,,VMH,M,,,AAC,,,AAC,,,
ZZ416,ROYAL AIR FORCE,B350,SUPER KING AIR 350,,VM,M,,,WAD,,,,,,
ZZ418,ROYAL AIR FORCE,B350,SUPER KING AIR 350,,VM,M,,,WAD,,,,,,
ZZ514,ROYAL NAVY,LYNX,WILDCAT,,VMH,M,,,NVY,,,NVY,,,
ZZ517,ROYAL NAVY,LYNX,WILDCAT,,VMH,M,,,NVY,,,NVY,,,
ZZ528,ROYAL NAVY,LYNX,WILDCAT,,VNH,M,,,NVY,,,NVY,,,
ZZ531,ROYAL NAVY,LYNX,WILDCAT,,VNH,M,,,NVY,,,NVY,,,
